timestamp, index, name, memory.used [MiB], memory.total [MiB], utilization.gpu [%]
2026/09/16 05:24:57.787, 0, NVIDIA RTX A6000, 1 MiB, 49140 MiB, 0 %
2026/09/16 05:24:59.796, 0, NVIDIA RTX A6000, 1 MiB, 49140 MiB, 0 %
2026/09/16 05:25:01.800, 0, NVIDIA RTX A6000, 1 MiB, 49140 MiB, 0 %
2026/09/16 05:25:03.800, 0, NVIDIA RTX A6000, 1 MiB, 49140 MiB, 0 %
2026/09/16 05:25:05.802, 0, NVIDIA RTX A6000, 5 MiB, 49140 MiB, 0 %
2026/09/16 05:25:07.802, 0, NVIDIA RTX A6000, 5 MiB, 49140 MiB, 0 %
2026/09/16 05:25:09.802, 0, NVIDIA RTX A6000, 320 MiB, 49140 MiB, 0 %
2026/09/16 05:25:11.803, 0, NVIDIA RTX A6000, 402 MiB, 49140 MiB, 0 %
2026/09/16 05:25:13.803, 0, NVIDIA RTX A6000, 470 MiB, 49140 MiB, 13 %
2026/09/16 05:25:15.803, 0, NVIDIA RTX A6000, 470 MiB, 49140 MiB, 12 %
2026/09/16 05:25:17.804, 0, NVIDIA RTX A6000, 470 MiB, 49140 MiB, 13 %
2026/09/16 05:25:19.804, 0, NVIDIA RTX A6000, 500 MiB, 49140 MiB, 16 %
2026/09/16 05:25:21.805, 0, NVIDIA RTX A6000, 870 MiB, 49140 MiB, 14 %
2026/09/16 05:25:23.805, 0, NVIDIA RTX A6000, 1134 MiB, 49140 MiB, 22 %
2026/09/16 05:25:25.805, 0, NVIDIA RTX A6000, 1590 MiB, 49140 MiB, 81 %
2026/09/16 05:25:27.810, 0, NVIDIA RTX A6000, 1592 MiB, 49140 MiB, 82 %
2026/09/16 05:25:29.810, 0, NVIDIA RTX A6000, 1967 MiB, 49140 MiB, 85 %
2026/09/16 05:25:31.810, 0, NVIDIA RTX A6000, 2041 MiB, 49140 MiB, 49 %
2026/09/16 05:25:33.811, 0, NVIDIA RTX A6000, 2061 MiB, 49140 MiB, 94 %
2026/09/16 05:25:35.811, 0, NVIDIA RTX A6000, 2063 MiB, 49140 MiB, 94 %
2026/09/16 05:25:37.811, 0, NVIDIA RTX A6000, 2063 MiB, 49140 MiB, 92 %
2026/09/16 05:25:39.812, 0, NVIDIA RTX A6000, 2377 MiB, 49140 MiB, 94 %
2026/09/16 05:25:41.812, 0, NVIDIA RTX A6000, 2453 MiB, 49140 MiB, 95 %
2026/09/16 05:25:43.812, 0, NVIDIA RTX A6000, 2477 MiB, 49140 MiB, 96 %
2026/09/16 05:25:45.813, 0, NVIDIA RTX A6000, 2477 MiB, 49140 MiB, 99 %
2026/09/16 05:25:47.814, 0, NVIDIA RTX A6000, 2477 MiB, 49140 MiB, 99 %
2026/09/16 05:25:49.814, 0, NVIDIA RTX A6000, 2497 MiB, 49140 MiB, 99 %
2026/09/16 05:25:51.814, 0, NVIDIA RTX A6000, 2497 MiB, 49140 MiB, 99 %
2026/09/16 05:25:53.814, 0, NVIDIA RTX A6000, 2497 MiB, 49140 MiB, 99 %
2026/09/16 05:25:55.815, 0, NVIDIA RTX A6000, 2497 MiB, 49140 MiB, 99 %
2026/09/16 05:25:57.815, 0, NVIDIA RTX A6000, 2497 MiB, 49140 MiB, 98 %
2026/09/16 05:25:59.815, 0, NVIDIA RTX A6000, 2499 MiB, 49140 MiB, 99 %
2026/09/16 05:26:01.816, 0, NVIDIA RTX A6000, 2499 MiB, 49140 MiB, 99 %
2026/09/16 05:26:03.816, 0, NVIDIA RTX A6000, 2659 MiB, 49140 MiB, 99 %
2026/09/16 05:26:05.816, 0, NVIDIA RTX A6000, 2659 MiB, 49140 MiB, 99 %
2026/09/16 05:26:07.817, 0, NVIDIA RTX A6000, 2659 MiB, 49140 MiB, 96 %
2026/09/16 05:26:09.817, 0, NVIDIA RTX A6000, 2659 MiB, 49140 MiB, 99 %
2026/09/16 05:26:11.817, 0, NVIDIA RTX A6000, 2659 MiB, 49140 MiB, 99 %
2026/09/16 05:26:13.818, 0, NVIDIA RTX A6000, 2659 MiB, 49140 MiB, 99 %
2026/09/16 05:26:15.820, 0, NVIDIA RTX A6000, 2659 MiB, 49140 MiB, 98 %
2026/09/16 05:26:17.820, 0, NVIDIA RTX A6000, 2659 MiB, 49140 MiB, 99 %
2026/09/16 05:26:19.821, 0, NVIDIA RTX A6000, 2659 MiB, 49140 MiB, 98 %
2026/09/16 05:26:21.821, 0, NVIDIA RTX A6000, 2659 MiB, 49140 MiB, 99 %
2026/09/16 05:26:23.821, 0, NVIDIA RTX A6000, 2659 MiB, 49140 MiB, 98 %
2026/09/16 05:26:25.822, 0, NVIDIA RTX A6000, 2659 MiB, 49140 MiB, 99 %
2026/09/16 05:26:27.822, 0, NVIDIA RTX A6000, 2659 MiB, 49140 MiB, 99 %
2026/09/16 05:26:29.822, 0, NVIDIA RTX A6000, 2659 MiB, 49140 MiB, 98 %
2026/09/16 05:26:31.827, 0, NVIDIA RTX A6000, 2659 MiB, 49140 MiB, 98 %
2026/09/16 05:26:33.828, 0, NVIDIA RTX A6000, 2659 MiB, 49140 MiB, 99 %
2026/09/16 05:26:35.828, 0, NVIDIA RTX A6000, 2659 MiB, 49140 MiB, 99 %
2026/09/16 05:26:37.829, 0, NVIDIA RTX A6000, 2659 MiB, 49140 MiB, 99 %
2026/09/16 05:26:39.829, 0, NVIDIA RTX A6000, 2659 MiB, 49140 MiB, 98 %
2026/09/16 05:26:41.830, 0, NVIDIA RTX A6000, 2659 MiB, 49140 MiB, 99 %
2026/09/16 05:26:43.830, 0, NVIDIA RTX A6000, 2659 MiB, 49140 MiB, 99 %
2026/09/16 05:26:45.832, 0, NVIDIA RTX A6000, 2659 MiB, 49140 MiB, 98 %
2026/09/16 05:26:47.832, 0, NVIDIA RTX A6000, 2659 MiB, 49140 MiB, 99 %
2026/09/16 05:26:49.833, 0, NVIDIA RTX A6000, 2659 MiB, 49140 MiB, 99 %
2026/09/16 05:26:51.833, 0, NVIDIA RTX A6000, 2659 MiB, 49140 MiB, 98 %
2026/09/16 05:26:53.833, 0, NVIDIA RTX A6000, 2659 MiB, 49140 MiB, 99 %
2026/09/16 05:26:55.834, 0, NVIDIA RTX A6000, 2659 MiB, 49140 MiB, 99 %
2026/09/16 05:26:57.834, 0, NVIDIA RTX A6000, 2659 MiB, 49140 MiB, 98 %
2026/09/16 05:26:59.834, 0, NVIDIA RTX A6000, 2659 MiB, 49140 MiB, 99 %
2026/09/16 05:27:01.835, 0, NVIDIA RTX A6000, 2659 MiB, 49140 MiB, 99 %
2026/09/16 05:27:03.835, 0, NVIDIA RTX A6000, 2659 MiB, 49140 MiB, 98 %
2026/09/16 05:27:05.835, 0, NVIDIA RTX A6000, 2659 MiB, 49140 MiB, 99 %
2026/09/16 05:27:07.836, 0, NVIDIA RTX A6000, 2659 MiB, 49140 MiB, 99 %
2026/09/16 05:27:09.836, 0, NVIDIA RTX A6000, 2661 MiB, 49140 MiB, 99 %
2026/09/16 05:27:11.837, 0, NVIDIA RTX A6000, 2661 MiB, 49140 MiB, 99 %
2026/09/16 05:27:13.838, 0, NVIDIA RTX A6000, 2661 MiB, 49140 MiB, 99 %
2026/09/16 05:27:15.838, 0, NVIDIA RTX A6000, 2661 MiB, 49140 MiB, 98 %
2026/09/16 05:27:17.838, 0, NVIDIA RTX A6000, 2661 MiB, 49140 MiB, 99 %
2026/09/16 05:27:19.838, 0, NVIDIA RTX A6000, 2661 MiB, 49140 MiB, 98 %
2026/09/16 05:27:21.839, 0, NVIDIA RTX A6000, 2661 MiB, 49140 MiB, 98 %
2026/09/16 05:27:23.839, 0, NVIDIA RTX A6000, 2663 MiB, 49140 MiB, 98 %
2026/09/16 05:27:25.840, 0, NVIDIA RTX A6000, 2663 MiB, 49140 MiB, 99 %
2026/09/16 05:27:27.840, 0, NVIDIA RTX A6000, 2663 MiB, 49140 MiB, 99 %
2026/09/16 05:27:29.840, 0, NVIDIA RTX A6000, 2663 MiB, 49140 MiB, 99 %
2026/09/16 05:27:31.841, 0, NVIDIA RTX A6000, 2663 MiB, 49140 MiB, 98 %
2026/09/16 05:27:33.841, 0, NVIDIA RTX A6000, 2663 MiB, 49140 MiB, 99 %
2026/09/16 05:27:35.842, 0, NVIDIA RTX A6000, 2663 MiB, 49140 MiB, 99 %
2026/09/16 05:27:37.842, 0, NVIDIA RTX A6000, 2663 MiB, 49140 MiB, 99 %
2026/09/16 05:27:39.842, 0, NVIDIA RTX A6000, 2663 MiB, 49140 MiB, 99 %
2026/09/16 05:27:41.843, 0, NVIDIA RTX A6000, 2663 MiB, 49140 MiB, 99 %
2026/09/16 05:27:43.843, 0, NVIDIA RTX A6000, 2663 MiB, 49140 MiB, 99 %
2026/09/16 05:27:45.843, 0, NVIDIA RTX A6000, 2663 MiB, 49140 MiB, 99 %
2026/09/16 05:27:47.844, 0, NVIDIA RTX A6000, 2663 MiB, 49140 MiB, 98 %
2026/09/16 05:27:49.844, 0, NVIDIA RTX A6000, 2663 MiB, 49140 MiB, 99 %
2026/09/16 05:27:51.844, 0, NVIDIA RTX A6000, 2663 MiB, 49140 MiB, 99 %
2026/09/16 05:27:53.845, 0, NVIDIA RTX A6000, 2663 MiB, 49140 MiB, 98 %
2026/09/16 05:27:55.845, 0, NVIDIA RTX A6000, 2663 MiB, 49140 MiB, 99 %
2026/09/16 05:27:57.845, 0, NVIDIA RTX A6000, 2663 MiB, 49140 MiB, 99 %
2026/09/16 05:27:59.846, 0, NVIDIA RTX A6000, 2663 MiB, 49140 MiB, 99 %
2026/09/16 05:28:01.846, 0, NVIDIA RTX A6000, 2663 MiB, 49140 MiB, 99 %
2026/09/16 05:28:03.846, 0, NVIDIA RTX A6000, 2663 MiB, 49140 MiB, 99 %
2026/09/16 05:28:05.847, 0, NVIDIA RTX A6000, 2663 MiB, 49140 MiB, 98 %
2026/09/16 05:28:07.847, 0, NVIDIA RTX A6000, 2663 MiB, 49140 MiB, 99 %
2026/09/16 05:28:09.848, 0, NVIDIA RTX A6000, 2663 MiB, 49140 MiB, 99 %
2026/09/16 05:28:11.848, 0, NVIDIA RTX A6000, 2683 MiB, 49140 MiB, 99 %
2026/09/16 05:28:13.848, 0, NVIDIA RTX A6000, 2683 MiB, 49140 MiB, 99 %
2026/09/16 05:28:15.848, 0, NVIDIA RTX A6000, 2683 MiB, 49140 MiB, 99 %
2026/09/16 05:28:17.849, 0, NVIDIA RTX A6000, 2683 MiB, 49140 MiB, 99 %
2026/09/16 05:28:19.849, 0, NVIDIA RTX A6000, 2683 MiB, 49140 MiB, 97 %
2026/09/16 05:28:21.849, 0, NVIDIA RTX A6000, 2683 MiB, 49140 MiB, 99 %
2026/09/16 05:28:23.850, 0, NVIDIA RTX A6000, 2683 MiB, 49140 MiB, 99 %
2026/09/16 05:28:25.850, 0, NVIDIA RTX A6000, 2683 MiB, 49140 MiB, 98 %
2026/09/16 05:28:27.850, 0, NVIDIA RTX A6000, 2683 MiB, 49140 MiB, 99 %
2026/09/16 05:28:29.851, 0, NVIDIA RTX A6000, 2683 MiB, 49140 MiB, 99 %
2026/09/16 05:28:31.851, 0, NVIDIA RTX A6000, 2683 MiB, 49140 MiB, 99 %
2026/09/16 05:28:33.851, 0, NVIDIA RTX A6000, 2683 MiB, 49140 MiB, 99 %
2026/09/16 05:28:35.852, 0, NVIDIA RTX A6000, 2683 MiB, 49140 MiB, 99 %
2026/09/16 05:28:37.853, 0, NVIDIA RTX A6000, 2683 MiB, 49140 MiB, 99 %
2026/09/16 05:28:39.853, 0, NVIDIA RTX A6000, 2683 MiB, 49140 MiB, 98 %
2026/09/16 05:28:41.854, 0, NVIDIA RTX A6000, 2683 MiB, 49140 MiB, 99 %
2026/09/16 05:28:43.854, 0, NVIDIA RTX A6000, 2683 MiB, 49140 MiB, 99 %
2026/09/16 05:28:45.854, 0, NVIDIA RTX A6000, 2683 MiB, 49140 MiB, 97 %
2026/09/16 05:28:47.855, 0, NVIDIA RTX A6000, 2683 MiB, 49140 MiB, 99 %
2026/09/16 05:28:49.855, 0, NVIDIA RTX A6000, 2683 MiB, 49140 MiB, 99 %
2026/09/16 05:28:51.855, 0, NVIDIA RTX A6000, 2683 MiB, 49140 MiB, 99 %
2026/09/16 05:28:53.856, 0, NVIDIA RTX A6000, 2683 MiB, 49140 MiB, 99 %
2026/09/16 05:28:55.856, 0, NVIDIA RTX A6000, 2683 MiB, 49140 MiB, 98 %
2026/09/16 05:28:57.856, 0, NVIDIA RTX A6000, 2683 MiB, 49140 MiB, 99 %
2026/09/16 05:28:59.858, 0, NVIDIA RTX A6000, 2683 MiB, 49140 MiB, 99 %
2026/09/16 05:29:01.859, 0, NVIDIA RTX A6000, 2683 MiB, 49140 MiB, 98 %
2026/09/16 05:29:03.859, 0, NVIDIA RTX A6000, 2683 MiB, 49140 MiB, 99 %
2026/09/16 05:29:05.859, 0, NVIDIA RTX A6000, 2683 MiB, 49140 MiB, 99 %
2026/09/16 05:29:07.860, 0, NVIDIA RTX A6000, 2683 MiB, 49140 MiB, 99 %
2026/09/16 05:29:09.860, 0, NVIDIA RTX A6000, 2683 MiB, 49140 MiB, 99 %
2026/09/16 05:29:11.860, 0, NVIDIA RTX A6000, 2683 MiB, 49140 MiB, 98 %
2026/09/16 05:29:13.861, 0, NVIDIA RTX A6000, 2683 MiB, 49140 MiB, 98 %
2026/09/16 05:29:15.861, 0, NVIDIA RTX A6000, 2683 MiB, 49140 MiB, 99 %
2026/09/16 05:29:17.861, 0, NVIDIA RTX A6000, 2683 MiB, 49140 MiB, 99 %
2026/09/16 05:29:19.862, 0, NVIDIA RTX A6000, 2683 MiB, 49140 MiB, 99 %
2026/09/16 05:29:21.862, 0, NVIDIA RTX A6000, 2683 MiB, 49140 MiB, 98 %
2026/09/16 05:29:23.862, 0, NVIDIA RTX A6000, 2683 MiB, 49140 MiB, 99 %
2026/09/16 05:29:25.863, 0, NVIDIA RTX A6000, 2683 MiB, 49140 MiB, 99 %
2026/09/16 05:29:27.863, 0, NVIDIA RTX A6000, 2683 MiB, 49140 MiB, 99 %
2026/09/16 05:29:29.863, 0, NVIDIA RTX A6000, 2683 MiB, 49140 MiB, 98 %
2026/09/16 05:29:31.864, 0, NVIDIA RTX A6000, 2683 MiB, 49140 MiB, 99 %
2026/09/16 05:29:33.865, 0, NVIDIA RTX A6000, 2683 MiB, 49140 MiB, 99 %
2026/09/16 05:29:35.866, 0, NVIDIA RTX A6000, 2683 MiB, 49140 MiB, 99 %
2026/09/16 05:29:37.866, 0, NVIDIA RTX A6000, 2683 MiB, 49140 MiB, 99 %
2026/09/16 05:29:39.866, 0, NVIDIA RTX A6000, 2683 MiB, 49140 MiB, 99 %
2026/09/16 05:29:41.867, 0, NVIDIA RTX A6000, 2683 MiB, 49140 MiB, 98 %
2026/09/16 05:29:43.867, 0, NVIDIA RTX A6000, 2683 MiB, 49140 MiB, 99 %
2026/09/16 05:29:45.867, 0, NVIDIA RTX A6000, 2683 MiB, 49140 MiB, 99 %
2026/09/16 05:29:47.868, 0, NVIDIA RTX A6000, 2683 MiB, 49140 MiB, 98 %
2026/09/16 05:29:49.868, 0, NVIDIA RTX A6000, 2683 MiB, 49140 MiB, 99 %
2026/09/16 05:29:51.868, 0, NVIDIA RTX A6000, 2683 MiB, 49140 MiB, 99 %
2026/09/16 05:29:53.869, 0, NVIDIA RTX A6000, 2683 MiB, 49140 MiB, 99 %
2026/09/16 05:29:55.869, 0, NVIDIA RTX A6000, 2683 MiB, 49140 MiB, 99 %
2026/09/16 05:29:57.869, 0, NVIDIA RTX A6000, 2683 MiB, 49140 MiB, 98 %
2026/09/16 05:29:59.870, 0, NVIDIA RTX A6000, 2683 MiB, 49140 MiB, 99 %
2026/09/16 05:30:01.870, 0, NVIDIA RTX A6000, 2683 MiB, 49140 MiB, 99 %
2026/09/16 05:30:03.870, 0, NVIDIA RTX A6000, 2683 MiB, 49140 MiB, 99 %
2026/09/16 05:30:05.871, 0, NVIDIA RTX A6000, 2683 MiB, 49140 MiB, 99 %
2026/09/16 05:30:07.871, 0, NVIDIA RTX A6000, 2683 MiB, 49140 MiB, 99 %
2026/09/16 05:30:09.871, 0, NVIDIA RTX A6000, 2683 MiB, 49140 MiB, 99 %
2026/09/16 05:30:11.871, 0, NVIDIA RTX A6000, 2683 MiB, 49140 MiB, 99 %
2026/09/16 05:30:13.872, 0, NVIDIA RTX A6000, 2683 MiB, 49140 MiB, 99 %
2026/09/16 05:30:15.872, 0, NVIDIA RTX A6000, 2683 MiB, 49140 MiB, 99 %
2026/09/16 05:30:17.872, 0, NVIDIA RTX A6000, 2683 MiB, 49140 MiB, 98 %
2026/09/16 05:30:19.873, 0, NVIDIA RTX A6000, 2683 MiB, 49140 MiB, 99 %
2026/09/16 05:30:21.873, 0, NVIDIA RTX A6000, 2683 MiB, 49140 MiB, 99 %
2026/09/16 05:30:23.873, 0, NVIDIA RTX A6000, 2683 MiB, 49140 MiB, 99 %
2026/09/16 05:30:25.874, 0, NVIDIA RTX A6000, 2683 MiB, 49140 MiB, 99 %
2026/09/16 05:30:27.877, 0, NVIDIA RTX A6000, 2683 MiB, 49140 MiB, 99 %
2026/09/16 05:30:29.877, 0, NVIDIA RTX A6000, 2683 MiB, 49140 MiB, 97 %
2026/09/16 05:30:31.878, 0, NVIDIA RTX A6000, 2683 MiB, 49140 MiB, 99 %
2026/09/16 05:30:33.878, 0, NVIDIA RTX A6000, 2683 MiB, 49140 MiB, 99 %
2026/09/16 05:30:35.883, 0, NVIDIA RTX A6000, 2683 MiB, 49140 MiB, 98 %
2026/09/16 05:30:37.883, 0, NVIDIA RTX A6000, 2683 MiB, 49140 MiB, 99 %
2026/09/16 05:30:39.883, 0, NVIDIA RTX A6000, 2683 MiB, 49140 MiB, 99 %
2026/09/16 05:30:41.884, 0, NVIDIA RTX A6000, 2683 MiB, 49140 MiB, 99 %
2026/09/16 05:30:43.885, 0, NVIDIA RTX A6000, 2683 MiB, 49140 MiB, 98 %
2026/09/16 05:30:45.886, 0, NVIDIA RTX A6000, 2683 MiB, 49140 MiB, 98 %
2026/09/16 05:30:47.889, 0, NVIDIA RTX A6000, 2683 MiB, 49140 MiB, 98 %
2026/09/16 05:30:49.890, 0, NVIDIA RTX A6000, 2683 MiB, 49140 MiB, 99 %
2026/09/16 05:30:51.890, 0, NVIDIA RTX A6000, 2683 MiB, 49140 MiB, 98 %
2026/09/16 05:30:53.890, 0, NVIDIA RTX A6000, 2683 MiB, 49140 MiB, 99 %
2026/09/16 05:30:55.891, 0, NVIDIA RTX A6000, 2683 MiB, 49140 MiB, 98 %
2026/09/16 05:30:57.891, 0, NVIDIA RTX A6000, 2683 MiB, 49140 MiB, 99 %
2026/09/16 05:30:59.891, 0, NVIDIA RTX A6000, 2683 MiB, 49140 MiB, 99 %
2026/09/16 05:31:01.892, 0, NVIDIA RTX A6000, 2683 MiB, 49140 MiB, 99 %
2026/09/16 05:31:03.892, 0, NVIDIA RTX A6000, 2683 MiB, 49140 MiB, 97 %
2026/09/16 05:31:05.892, 0, NVIDIA RTX A6000, 2683 MiB, 49140 MiB, 99 %
2026/09/16 05:31:07.901, 0, NVIDIA RTX A6000, 2683 MiB, 49140 MiB, 99 %
2026/09/16 05:31:09.901, 0, NVIDIA RTX A6000, 2683 MiB, 49140 MiB, 99 %
2026/09/16 05:31:11.902, 0, NVIDIA RTX A6000, 2683 MiB, 49140 MiB, 98 %
2026/09/16 05:31:13.902, 0, NVIDIA RTX A6000, 2683 MiB, 49140 MiB, 98 %
2026/09/16 05:31:15.902, 0, NVIDIA RTX A6000, 2683 MiB, 49140 MiB, 99 %
2026/09/16 05:31:17.906, 0, NVIDIA RTX A6000, 2683 MiB, 49140 MiB, 98 %
2026/09/16 05:31:19.906, 0, NVIDIA RTX A6000, 2683 MiB, 49140 MiB, 99 %
2026/09/16 05:31:21.907, 0, NVIDIA RTX A6000, 2685 MiB, 49140 MiB, 98 %
2026/09/16 05:31:23.907, 0, NVIDIA RTX A6000, 2685 MiB, 49140 MiB, 99 %
2026/09/16 05:31:25.917, 0, NVIDIA RTX A6000, 2685 MiB, 49140 MiB, 99 %
2026/09/16 05:31:27.917, 0, NVIDIA RTX A6000, 2685 MiB, 49140 MiB, 99 %
2026/09/16 05:31:29.917, 0, NVIDIA RTX A6000, 2685 MiB, 49140 MiB, 98 %
2026/09/16 05:31:31.918, 0, NVIDIA RTX A6000, 2685 MiB, 49140 MiB, 98 %
2026/09/16 05:31:33.918, 0, NVIDIA RTX A6000, 2685 MiB, 49140 MiB, 99 %
2026/09/16 05:31:35.923, 0, NVIDIA RTX A6000, 2685 MiB, 49140 MiB, 99 %
2026/09/16 05:31:37.923, 0, NVIDIA RTX A6000, 2685 MiB, 49140 MiB, 98 %
2026/09/16 05:31:39.924, 0, NVIDIA RTX A6000, 2685 MiB, 49140 MiB, 99 %
2026/09/16 05:31:41.924, 0, NVIDIA RTX A6000, 2685 MiB, 49140 MiB, 99 %
2026/09/16 05:31:43.924, 0, NVIDIA RTX A6000, 2685 MiB, 49140 MiB, 99 %
2026/09/16 05:31:45.925, 0, NVIDIA RTX A6000, 2685 MiB, 49140 MiB, 99 %
2026/09/16 05:31:47.925, 0, NVIDIA RTX A6000, 2685 MiB, 49140 MiB, 98 %
2026/09/16 05:31:49.925, 0, NVIDIA RTX A6000, 2685 MiB, 49140 MiB, 99 %
2026/09/16 05:31:51.926, 0, NVIDIA RTX A6000, 2685 MiB, 49140 MiB, 99 %
2026/09/16 05:31:53.926, 0, NVIDIA RTX A6000, 2685 MiB, 49140 MiB, 99 %
2026/09/16 05:31:55.930, 0, NVIDIA RTX A6000, 2685 MiB, 49140 MiB, 98 %
2026/09/16 05:31:57.931, 0, NVIDIA RTX A6000, 2685 MiB, 49140 MiB, 98 %
2026/09/16 05:31:59.931, 0, NVIDIA RTX A6000, 2685 MiB, 49140 MiB, 99 %
2026/09/16 05:32:01.931, 0, NVIDIA RTX A6000, 2685 MiB, 49140 MiB, 98 %
2026/09/16 05:32:03.942, 0, NVIDIA RTX A6000, 2685 MiB, 49140 MiB, 98 %
2026/09/16 05:32:05.958, 0, NVIDIA RTX A6000, 2685 MiB, 49140 MiB, 99 %
2026/09/16 05:32:07.958, 0, NVIDIA RTX A6000, 2685 MiB, 49140 MiB, 97 %
2026/09/16 05:32:09.959, 0, NVIDIA RTX A6000, 2685 MiB, 49140 MiB, 98 %
2026/09/16 05:32:11.959, 0, NVIDIA RTX A6000, 2685 MiB, 49140 MiB, 96 %
2026/09/16 05:32:13.959, 0, NVIDIA RTX A6000, 2685 MiB, 49140 MiB, 98 %
2026/09/16 05:32:15.960, 0, NVIDIA RTX A6000, 2685 MiB, 49140 MiB, 99 %
2026/09/16 05:32:17.960, 0, NVIDIA RTX A6000, 2685 MiB, 49140 MiB, 99 %
2026/09/16 05:32:19.960, 0, NVIDIA RTX A6000, 2685 MiB, 49140 MiB, 99 %
2026/09/16 05:32:21.961, 0, NVIDIA RTX A6000, 2685 MiB, 49140 MiB, 98 %
2026/09/16 05:32:23.961, 0, NVIDIA RTX A6000, 2685 MiB, 49140 MiB, 98 %
2026/09/16 05:32:25.961, 0, NVIDIA RTX A6000, 2685 MiB, 49140 MiB, 99 %
2026/09/16 05:32:27.962, 0, NVIDIA RTX A6000, 2685 MiB, 49140 MiB, 99 %
2026/09/16 05:32:29.962, 0, NVIDIA RTX A6000, 2685 MiB, 49140 MiB, 99 %
2026/09/16 05:32:31.962, 0, NVIDIA RTX A6000, 2685 MiB, 49140 MiB, 98 %
2026/09/16 05:32:33.963, 0, NVIDIA RTX A6000, 2685 MiB, 49140 MiB, 99 %
2026/09/16 05:32:35.963, 0, NVIDIA RTX A6000, 2685 MiB, 49140 MiB, 99 %
2026/09/16 05:32:37.963, 0, NVIDIA RTX A6000, 2685 MiB, 49140 MiB, 99 %
2026/09/16 05:32:39.964, 0, NVIDIA RTX A6000, 2685 MiB, 49140 MiB, 99 %
2026/09/16 05:32:41.965, 0, NVIDIA RTX A6000, 2685 MiB, 49140 MiB, 99 %
2026/09/16 05:32:43.965, 0, NVIDIA RTX A6000, 2685 MiB, 49140 MiB, 99 %
2026/09/16 05:32:45.965, 0, NVIDIA RTX A6000, 2685 MiB, 49140 MiB, 99 %
2026/09/16 05:32:47.971, 0, NVIDIA RTX A6000, 2685 MiB, 49140 MiB, 98 %
2026/09/16 05:32:49.971, 0, NVIDIA RTX A6000, 2685 MiB, 49140 MiB, 99 %
2026/09/16 05:32:51.971, 0, NVIDIA RTX A6000, 2685 MiB, 49140 MiB, 98 %
2026/09/16 05:32:53.973, 0, NVIDIA RTX A6000, 2685 MiB, 49140 MiB, 99 %
2026/09/16 05:32:55.973, 0, NVIDIA RTX A6000, 2685 MiB, 49140 MiB, 99 %
2026/09/16 05:32:57.973, 0, NVIDIA RTX A6000, 2685 MiB, 49140 MiB, 99 %
2026/09/16 05:32:59.974, 0, NVIDIA RTX A6000, 2685 MiB, 49140 MiB, 98 %
2026/09/16 05:33:01.974, 0, NVIDIA RTX A6000, 2685 MiB, 49140 MiB, 99 %
2026/09/16 05:33:03.974, 0, NVIDIA RTX A6000, 2685 MiB, 49140 MiB, 98 %
2026/09/16 05:33:05.975, 0, NVIDIA RTX A6000, 2685 MiB, 49140 MiB, 99 %
2026/09/16 05:33:07.975, 0, NVIDIA RTX A6000, 2685 MiB, 49140 MiB, 99 %
2026/09/16 05:33:09.975, 0, NVIDIA RTX A6000, 2685 MiB, 49140 MiB, 99 %
2026/09/16 05:33:11.976, 0, NVIDIA RTX A6000, 2685 MiB, 49140 MiB, 98 %
2026/09/16 05:33:13.976, 0, NVIDIA RTX A6000, 2685 MiB, 49140 MiB, 99 %
2026/09/16 05:33:15.976, 0, NVIDIA RTX A6000, 2685 MiB, 49140 MiB, 99 %
2026/09/16 05:33:17.977, 0, NVIDIA RTX A6000, 2685 MiB, 49140 MiB, 99 %
2026/09/16 05:33:19.977, 0, NVIDIA RTX A6000, 2685 MiB, 49140 MiB, 99 %
2026/09/16 05:33:21.977, 0, NVIDIA RTX A6000, 2685 MiB, 49140 MiB, 99 %
2026/09/16 05:33:23.978, 0, NVIDIA RTX A6000, 2685 MiB, 49140 MiB, 99 %
2026/09/16 05:33:25.978, 0, NVIDIA RTX A6000, 2685 MiB, 49140 MiB, 99 %
2026/09/16 05:33:27.978, 0, NVIDIA RTX A6000, 2685 MiB, 49140 MiB, 99 %
2026/09/16 05:33:29.979, 0, NVIDIA RTX A6000, 2685 MiB, 49140 MiB, 99 %
2026/09/16 05:33:31.979, 0, NVIDIA RTX A6000, 2685 MiB, 49140 MiB, 99 %
2026/09/16 05:33:33.979, 0, NVIDIA RTX A6000, 2685 MiB, 49140 MiB, 99 %
2026/09/16 05:33:35.979, 0, NVIDIA RTX A6000, 2685 MiB, 49140 MiB, 99 %
2026/09/16 05:33:37.980, 0, NVIDIA RTX A6000, 2685 MiB, 49140 MiB, 99 %
2026/09/16 05:33:39.980, 0, NVIDIA RTX A6000, 2685 MiB, 49140 MiB, 99 %
2026/09/16 05:33:41.980, 0, NVIDIA RTX A6000, 2685 MiB, 49140 MiB, 99 %
2026/09/16 05:33:43.981, 0, NVIDIA RTX A6000, 2685 MiB, 49140 MiB, 98 %
2026/09/16 05:33:45.981, 0, NVIDIA RTX A6000, 2685 MiB, 49140 MiB, 99 %
2026/09/16 05:33:47.981, 0, NVIDIA RTX A6000, 2685 MiB, 49140 MiB, 99 %
2026/09/16 05:33:49.982, 0, NVIDIA RTX A6000, 2685 MiB, 49140 MiB, 98 %
2026/09/16 05:33:51.982, 0, NVIDIA RTX A6000, 2685 MiB, 49140 MiB, 99 %
2026/09/16 05:33:53.982, 0, NVIDIA RTX A6000, 2685 MiB, 49140 MiB, 98 %
2026/09/16 05:33:55.983, 0, NVIDIA RTX A6000, 2685 MiB, 49140 MiB, 99 %
2026/09/16 05:33:57.983, 0, NVIDIA RTX A6000, 2685 MiB, 49140 MiB, 99 %
2026/09/16 05:33:59.983, 0, NVIDIA RTX A6000, 2685 MiB, 49140 MiB, 99 %
2026/09/16 05:34:01.984, 0, NVIDIA RTX A6000, 2685 MiB, 49140 MiB, 99 %
2026/09/16 05:34:03.984, 0, NVIDIA RTX A6000, 2685 MiB, 49140 MiB, 99 %
2026/09/16 05:34:05.984, 0, NVIDIA RTX A6000, 2685 MiB, 49140 MiB, 99 %
2026/09/16 05:34:07.985, 0, NVIDIA RTX A6000, 2685 MiB, 49140 MiB, 98 %
2026/09/16 05:34:09.992, 0, NVIDIA RTX A6000, 2685 MiB, 49140 MiB, 98 %
2026/09/16 05:34:11.993, 0, NVIDIA RTX A6000, 2685 MiB, 49140 MiB, 99 %
2026/09/16 05:34:13.993, 0, NVIDIA RTX A6000, 2685 MiB, 49140 MiB, 99 %
2026/09/16 05:34:15.993, 0, NVIDIA RTX A6000, 2685 MiB, 49140 MiB, 98 %
2026/09/16 05:34:17.993, 0, NVIDIA RTX A6000, 2685 MiB, 49140 MiB, 99 %
2026/09/16 05:34:19.994, 0, NVIDIA RTX A6000, 2685 MiB, 49140 MiB, 99 %
2026/09/16 05:34:21.994, 0, NVIDIA RTX A6000, 2685 MiB, 49140 MiB, 99 %
2026/09/16 05:34:23.994, 0, NVIDIA RTX A6000, 2685 MiB, 49140 MiB, 99 %
2026/09/16 05:34:25.995, 0, NVIDIA RTX A6000, 2685 MiB, 49140 MiB, 98 %
2026/09/16 05:34:27.995, 0, NVIDIA RTX A6000, 2685 MiB, 49140 MiB, 99 %
2026/09/16 05:34:29.995, 0, NVIDIA RTX A6000, 2685 MiB, 49140 MiB, 98 %
2026/09/16 05:34:31.996, 0, NVIDIA RTX A6000, 2685 MiB, 49140 MiB, 99 %
2026/09/16 05:34:33.996, 0, NVIDIA RTX A6000, 2685 MiB, 49140 MiB, 98 %
2026/09/16 05:34:35.996, 0, NVIDIA RTX A6000, 2685 MiB, 49140 MiB, 99 %
2026/09/16 05:34:37.996, 0, NVIDIA RTX A6000, 2685 MiB, 49140 MiB, 99 %
2026/09/16 05:34:39.997, 0, NVIDIA RTX A6000, 2685 MiB, 49140 MiB, 99 %
2026/09/16 05:34:41.997, 0, NVIDIA RTX A6000, 2685 MiB, 49140 MiB, 98 %
2026/09/16 05:34:43.998, 0, NVIDIA RTX A6000, 2685 MiB, 49140 MiB, 96 %
2026/09/16 05:34:45.998, 0, NVIDIA RTX A6000, 2685 MiB, 49140 MiB, 99 %
2026/09/16 05:34:48.002, 0, NVIDIA RTX A6000, 2685 MiB, 49140 MiB, 99 %
2026/09/16 05:34:50.002, 0, NVIDIA RTX A6000, 2685 MiB, 49140 MiB, 99 %
2026/09/16 05:34:52.002, 0, NVIDIA RTX A6000, 2685 MiB, 49140 MiB, 98 %
2026/09/16 05:34:54.003, 0, NVIDIA RTX A6000, 2685 MiB, 49140 MiB, 99 %
2026/09/16 05:34:56.003, 0, NVIDIA RTX A6000, 2685 MiB, 49140 MiB, 98 %
2026/09/16 05:34:58.003, 0, NVIDIA RTX A6000, 2685 MiB, 49140 MiB, 99 %
2026/09/16 05:35:00.004, 0, NVIDIA RTX A6000, 2685 MiB, 49140 MiB, 98 %
2026/09/16 05:35:02.005, 0, NVIDIA RTX A6000, 2685 MiB, 49140 MiB, 99 %
2026/09/16 05:35:04.006, 0, NVIDIA RTX A6000, 2685 MiB, 49140 MiB, 98 %
2026/09/16 05:35:06.006, 0, NVIDIA RTX A6000, 2685 MiB, 49140 MiB, 99 %
2026/09/16 05:35:08.006, 0, NVIDIA RTX A6000, 2685 MiB, 49140 MiB, 98 %
2026/09/16 05:35:10.008, 0, NVIDIA RTX A6000, 2685 MiB, 49140 MiB, 99 %
2026/09/16 05:35:12.008, 0, NVIDIA RTX A6000, 2685 MiB, 49140 MiB, 98 %
2026/09/16 05:35:14.008, 0, NVIDIA RTX A6000, 2685 MiB, 49140 MiB, 99 %
2026/09/16 05:35:16.009, 0, NVIDIA RTX A6000, 2685 MiB, 49140 MiB, 98 %
2026/09/16 05:35:18.009, 0, NVIDIA RTX A6000, 2685 MiB, 49140 MiB, 99 %
2026/09/16 05:35:20.009, 0, NVIDIA RTX A6000, 2685 MiB, 49140 MiB, 99 %
2026/09/16 05:35:22.010, 0, NVIDIA RTX A6000, 2685 MiB, 49140 MiB, 99 %
2026/09/16 05:35:24.010, 0, NVIDIA RTX A6000, 2685 MiB, 49140 MiB, 99 %
2026/09/16 05:35:26.010, 0, NVIDIA RTX A6000, 2685 MiB, 49140 MiB, 99 %
2026/09/16 05:35:28.011, 0, NVIDIA RTX A6000, 2685 MiB, 49140 MiB, 99 %
2026/09/16 05:35:30.011, 0, NVIDIA RTX A6000, 2685 MiB, 49140 MiB, 98 %
2026/09/16 05:35:32.011, 0, NVIDIA RTX A6000, 2685 MiB, 49140 MiB, 99 %
2026/09/16 05:35:34.012, 0, NVIDIA RTX A6000, 2685 MiB, 49140 MiB, 98 %
2026/09/16 05:35:36.012, 0, NVIDIA RTX A6000, 2685 MiB, 49140 MiB, 99 %
2026/09/16 05:35:38.013, 0, NVIDIA RTX A6000, 2685 MiB, 49140 MiB, 98 %
2026/09/16 05:35:40.013, 0, NVIDIA RTX A6000, 2685 MiB, 49140 MiB, 99 %
2026/09/16 05:35:42.013, 0, NVIDIA RTX A6000, 2685 MiB, 49140 MiB, 98 %
2026/09/16 05:35:44.014, 0, NVIDIA RTX A6000, 2685 MiB, 49140 MiB, 98 %
2026/09/16 05:35:46.015, 0, NVIDIA RTX A6000, 2685 MiB, 49140 MiB, 98 %
2026/09/16 05:35:48.015, 0, NVIDIA RTX A6000, 2685 MiB, 49140 MiB, 98 %
2026/09/16 05:35:50.015, 0, NVIDIA RTX A6000, 2685 MiB, 49140 MiB, 98 %
2026/09/16 05:35:52.016, 0, NVIDIA RTX A6000, 2685 MiB, 49140 MiB, 98 %
2026/09/16 05:35:54.016, 0, NVIDIA RTX A6000, 2685 MiB, 49140 MiB, 99 %
2026/09/16 05:35:56.016, 0, NVIDIA RTX A6000, 2685 MiB, 49140 MiB, 99 %
2026/09/16 05:35:58.017, 0, NVIDIA RTX A6000, 2685 MiB, 49140 MiB, 98 %
2026/09/16 05:36:00.017, 0, NVIDIA RTX A6000, 2685 MiB, 49140 MiB, 99 %
2026/09/16 05:36:02.018, 0, NVIDIA RTX A6000, 2685 MiB, 49140 MiB, 99 %
2026/09/16 05:36:04.018, 0, NVIDIA RTX A6000, 2685 MiB, 49140 MiB, 99 %
2026/09/16 05:36:06.018, 0, NVIDIA RTX A6000, 2685 MiB, 49140 MiB, 99 %
2026/09/16 05:36:08.019, 0, NVIDIA RTX A6000, 2685 MiB, 49140 MiB, 99 %
2026/09/16 05:36:10.019, 0, NVIDIA RTX A6000, 2685 MiB, 49140 MiB, 98 %
2026/09/16 05:36:12.019, 0, NVIDIA RTX A6000, 2685 MiB, 49140 MiB, 99 %
2026/09/16 05:36:14.020, 0, NVIDIA RTX A6000, 2685 MiB, 49140 MiB, 99 %
2026/09/16 05:36:16.020, 0, NVIDIA RTX A6000, 2685 MiB, 49140 MiB, 99 %
2026/09/16 05:36:18.020, 0, NVIDIA RTX A6000, 2685 MiB, 49140 MiB, 98 %
2026/09/16 05:36:20.021, 0, NVIDIA RTX A6000, 2685 MiB, 49140 MiB, 99 %
2026/09/16 05:36:22.021, 0, NVIDIA RTX A6000, 2685 MiB, 49140 MiB, 99 %
2026/09/16 05:36:24.021, 0, NVIDIA RTX A6000, 2685 MiB, 49140 MiB, 98 %
2026/09/16 05:36:26.021, 0, NVIDIA RTX A6000, 2685 MiB, 49140 MiB, 99 %
2026/09/16 05:36:28.022, 0, NVIDIA RTX A6000, 2685 MiB, 49140 MiB, 99 %
2026/09/16 05:36:30.022, 0, NVIDIA RTX A6000, 2685 MiB, 49140 MiB, 99 %
2026/09/16 05:36:32.022, 0, NVIDIA RTX A6000, 2685 MiB, 49140 MiB, 99 %
2026/09/16 05:36:34.023, 0, NVIDIA RTX A6000, 2685 MiB, 49140 MiB, 99 %
2026/09/16 05:36:36.023, 0, NVIDIA RTX A6000, 2685 MiB, 49140 MiB, 97 %
2026/09/16 05:36:38.023, 0, NVIDIA RTX A6000, 2685 MiB, 49140 MiB, 99 %
2026/09/16 05:36:40.024, 0, NVIDIA RTX A6000, 2849 MiB, 49140 MiB, 99 %
2026/09/16 05:36:42.024, 0, NVIDIA RTX A6000, 2849 MiB, 49140 MiB, 99 %
2026/09/16 05:36:44.024, 0, NVIDIA RTX A6000, 2849 MiB, 49140 MiB, 99 %
2026/09/16 05:36:46.025, 0, NVIDIA RTX A6000, 2849 MiB, 49140 MiB, 98 %
2026/09/16 05:36:48.025, 0, NVIDIA RTX A6000, 2849 MiB, 49140 MiB, 99 %
2026/09/16 05:36:50.025, 0, NVIDIA RTX A6000, 2849 MiB, 49140 MiB, 99 %
2026/09/16 05:36:52.026, 0, NVIDIA RTX A6000, 2849 MiB, 49140 MiB, 98 %
2026/09/16 05:36:54.026, 0, NVIDIA RTX A6000, 2849 MiB, 49140 MiB, 98 %
2026/09/16 05:36:56.026, 0, NVIDIA RTX A6000, 2849 MiB, 49140 MiB, 99 %
2026/09/16 05:36:58.027, 0, NVIDIA RTX A6000, 2849 MiB, 49140 MiB, 99 %
2026/09/16 05:37:00.027, 0, NVIDIA RTX A6000, 2849 MiB, 49140 MiB, 99 %
2026/09/16 05:37:02.031, 0, NVIDIA RTX A6000, 2849 MiB, 49140 MiB, 98 %
2026/09/16 05:37:04.031, 0, NVIDIA RTX A6000, 2849 MiB, 49140 MiB, 98 %
2026/09/16 05:37:06.032, 0, NVIDIA RTX A6000, 2849 MiB, 49140 MiB, 98 %
2026/09/16 05:37:08.032, 0, NVIDIA RTX A6000, 2849 MiB, 49140 MiB, 99 %
2026/09/16 05:37:10.032, 0, NVIDIA RTX A6000, 2849 MiB, 49140 MiB, 97 %
2026/09/16 05:37:12.033, 0, NVIDIA RTX A6000, 2849 MiB, 49140 MiB, 99 %
2026/09/16 05:37:14.033, 0, NVIDIA RTX A6000, 2849 MiB, 49140 MiB, 98 %
2026/09/16 05:37:16.033, 0, NVIDIA RTX A6000, 2849 MiB, 49140 MiB, 99 %
2026/09/16 05:37:18.034, 0, NVIDIA RTX A6000, 2849 MiB, 49140 MiB, 98 %
2026/09/16 05:37:20.034, 0, NVIDIA RTX A6000, 2849 MiB, 49140 MiB, 98 %
2026/09/16 05:37:22.034, 0, NVIDIA RTX A6000, 2849 MiB, 49140 MiB, 90 %
2026/09/16 05:37:24.044, 0, NVIDIA RTX A6000, 2849 MiB, 49140 MiB, 99 %
2026/09/16 05:37:26.045, 0, NVIDIA RTX A6000, 2851 MiB, 49140 MiB, 96 %
2026/09/16 05:37:28.045, 0, NVIDIA RTX A6000, 2851 MiB, 49140 MiB, 97 %
2026/09/16 05:37:30.045, 0, NVIDIA RTX A6000, 2851 MiB, 49140 MiB, 99 %
2026/09/16 05:37:32.046, 0, NVIDIA RTX A6000, 2851 MiB, 49140 MiB, 99 %
2026/09/16 05:37:34.046, 0, NVIDIA RTX A6000, 2851 MiB, 49140 MiB, 99 %
2026/09/16 05:37:36.046, 0, NVIDIA RTX A6000, 2851 MiB, 49140 MiB, 99 %
2026/09/16 05:37:38.047, 0, NVIDIA RTX A6000, 2851 MiB, 49140 MiB, 97 %
2026/09/16 05:37:40.047, 0, NVIDIA RTX A6000, 2851 MiB, 49140 MiB, 99 %
2026/09/16 05:37:42.047, 0, NVIDIA RTX A6000, 2851 MiB, 49140 MiB, 99 %
2026/09/16 05:37:44.048, 0, NVIDIA RTX A6000, 2851 MiB, 49140 MiB, 99 %
2026/09/16 05:37:46.048, 0, NVIDIA RTX A6000, 2851 MiB, 49140 MiB, 98 %
2026/09/16 05:37:48.048, 0, NVIDIA RTX A6000, 2851 MiB, 49140 MiB, 99 %
2026/09/16 05:37:50.049, 0, NVIDIA RTX A6000, 2851 MiB, 49140 MiB, 99 %
2026/09/16 05:37:52.049, 0, NVIDIA RTX A6000, 2851 MiB, 49140 MiB, 99 %
2026/09/16 05:37:54.049, 0, NVIDIA RTX A6000, 2851 MiB, 49140 MiB, 99 %
2026/09/16 05:37:56.050, 0, NVIDIA RTX A6000, 2851 MiB, 49140 MiB, 99 %
2026/09/16 05:37:58.051, 0, NVIDIA RTX A6000, 2851 MiB, 49140 MiB, 99 %
2026/09/16 05:38:00.051, 0, NVIDIA RTX A6000, 2851 MiB, 49140 MiB, 99 %
2026/09/16 05:38:02.051, 0, NVIDIA RTX A6000, 2851 MiB, 49140 MiB, 98 %
2026/09/16 05:38:04.052, 0, NVIDIA RTX A6000, 2851 MiB, 49140 MiB, 99 %
2026/09/16 05:38:06.052, 0, NVIDIA RTX A6000, 2851 MiB, 49140 MiB, 98 %
2026/09/16 05:38:08.055, 0, NVIDIA RTX A6000, 2851 MiB, 49140 MiB, 98 %
2026/09/16 05:38:10.055, 0, NVIDIA RTX A6000, 2851 MiB, 49140 MiB, 99 %
2026/09/16 05:38:12.055, 0, NVIDIA RTX A6000, 2851 MiB, 49140 MiB, 98 %
2026/09/16 05:38:14.056, 0, NVIDIA RTX A6000, 2851 MiB, 49140 MiB, 99 %
2026/09/16 05:38:16.056, 0, NVIDIA RTX A6000, 2851 MiB, 49140 MiB, 98 %
2026/09/16 05:38:18.056, 0, NVIDIA RTX A6000, 2851 MiB, 49140 MiB, 97 %
2026/09/16 05:38:20.057, 0, NVIDIA RTX A6000, 2851 MiB, 49140 MiB, 99 %
2026/09/16 05:38:22.057, 0, NVIDIA RTX A6000, 2851 MiB, 49140 MiB, 99 %
2026/09/16 05:38:24.057, 0, NVIDIA RTX A6000, 2851 MiB, 49140 MiB, 99 %
2026/09/16 05:38:26.058, 0, NVIDIA RTX A6000, 2851 MiB, 49140 MiB, 99 %
2026/09/16 05:38:28.058, 0, NVIDIA RTX A6000, 2851 MiB, 49140 MiB, 98 %
2026/09/16 05:38:30.058, 0, NVIDIA RTX A6000, 2851 MiB, 49140 MiB, 99 %
2026/09/16 05:38:32.059, 0, NVIDIA RTX A6000, 2851 MiB, 49140 MiB, 99 %
2026/09/16 05:38:34.059, 0, NVIDIA RTX A6000, 2851 MiB, 49140 MiB, 99 %
2026/09/16 05:38:36.063, 0, NVIDIA RTX A6000, 2851 MiB, 49140 MiB, 99 %
2026/09/16 05:38:38.063, 0, NVIDIA RTX A6000, 2851 MiB, 49140 MiB, 99 %
2026/09/16 05:38:40.064, 0, NVIDIA RTX A6000, 2851 MiB, 49140 MiB, 99 %
2026/09/16 05:38:42.064, 0, NVIDIA RTX A6000, 2851 MiB, 49140 MiB, 99 %
2026/09/16 05:38:44.064, 0, NVIDIA RTX A6000, 2851 MiB, 49140 MiB, 99 %
2026/09/16 05:38:46.065, 0, NVIDIA RTX A6000, 2851 MiB, 49140 MiB, 99 %
2026/09/16 05:38:48.067, 0, NVIDIA RTX A6000, 2851 MiB, 49140 MiB, 99 %
2026/09/16 05:38:50.067, 0, NVIDIA RTX A6000, 2851 MiB, 49140 MiB, 99 %
2026/09/16 05:38:52.068, 0, NVIDIA RTX A6000, 2851 MiB, 49140 MiB, 99 %
2026/09/16 05:38:54.068, 0, NVIDIA RTX A6000, 2851 MiB, 49140 MiB, 99 %
2026/09/16 05:38:56.068, 0, NVIDIA RTX A6000, 2851 MiB, 49140 MiB, 99 %
2026/09/16 05:38:58.069, 0, NVIDIA RTX A6000, 2851 MiB, 49140 MiB, 98 %
2026/09/16 05:39:00.069, 0, NVIDIA RTX A6000, 2851 MiB, 49140 MiB, 99 %
2026/09/16 05:39:02.069, 0, NVIDIA RTX A6000, 2851 MiB, 49140 MiB, 97 %
2026/09/16 05:39:04.070, 0, NVIDIA RTX A6000, 2851 MiB, 49140 MiB, 99 %
2026/09/16 05:39:06.082, 0, NVIDIA RTX A6000, 2851 MiB, 49140 MiB, 99 %
2026/09/16 05:39:08.083, 0, NVIDIA RTX A6000, 2851 MiB, 49140 MiB, 99 %
2026/09/16 05:39:10.090, 0, NVIDIA RTX A6000, 2851 MiB, 49140 MiB, 99 %
2026/09/16 05:39:12.090, 0, NVIDIA RTX A6000, 2851 MiB, 49140 MiB, 99 %
2026/09/16 05:39:14.091, 0, NVIDIA RTX A6000, 2851 MiB, 49140 MiB, 99 %
2026/09/16 05:39:16.091, 0, NVIDIA RTX A6000, 2851 MiB, 49140 MiB, 99 %
2026/09/16 05:39:18.092, 0, NVIDIA RTX A6000, 2851 MiB, 49140 MiB, 98 %
2026/09/16 05:39:20.092, 0, NVIDIA RTX A6000, 2851 MiB, 49140 MiB, 99 %
2026/09/16 05:39:22.092, 0, NVIDIA RTX A6000, 2851 MiB, 49140 MiB, 99 %
2026/09/16 05:39:24.092, 0, NVIDIA RTX A6000, 2851 MiB, 49140 MiB, 99 %
2026/09/16 05:39:26.093, 0, NVIDIA RTX A6000, 2851 MiB, 49140 MiB, 99 %
2026/09/16 05:39:28.093, 0, NVIDIA RTX A6000, 2851 MiB, 49140 MiB, 99 %
2026/09/16 05:39:30.093, 0, NVIDIA RTX A6000, 2851 MiB, 49140 MiB, 99 %
2026/09/16 05:39:32.094, 0, NVIDIA RTX A6000, 2851 MiB, 49140 MiB, 99 %
2026/09/16 05:39:34.096, 0, NVIDIA RTX A6000, 2851 MiB, 49140 MiB, 98 %
2026/09/16 05:39:36.097, 0, NVIDIA RTX A6000, 2851 MiB, 49140 MiB, 99 %
2026/09/16 05:39:38.098, 0, NVIDIA RTX A6000, 2851 MiB, 49140 MiB, 99 %
2026/09/16 05:39:40.098, 0, NVIDIA RTX A6000, 2851 MiB, 49140 MiB, 99 %
2026/09/16 05:39:42.098, 0, NVIDIA RTX A6000, 2851 MiB, 49140 MiB, 99 %
2026/09/16 05:39:44.098, 0, NVIDIA RTX A6000, 2851 MiB, 49140 MiB, 99 %
2026/09/16 05:39:46.099, 0, NVIDIA RTX A6000, 2851 MiB, 49140 MiB, 99 %
2026/09/16 05:39:48.099, 0, NVIDIA RTX A6000, 2851 MiB, 49140 MiB, 99 %
2026/09/16 05:39:50.099, 0, NVIDIA RTX A6000, 2851 MiB, 49140 MiB, 98 %
2026/09/16 05:39:52.100, 0, NVIDIA RTX A6000, 2851 MiB, 49140 MiB, 99 %
2026/09/16 05:39:54.100, 0, NVIDIA RTX A6000, 2851 MiB, 49140 MiB, 99 %
2026/09/16 05:39:56.101, 0, NVIDIA RTX A6000, 2851 MiB, 49140 MiB, 99 %
2026/09/16 05:39:58.101, 0, NVIDIA RTX A6000, 2851 MiB, 49140 MiB, 99 %
2026/09/16 05:40:00.102, 0, NVIDIA RTX A6000, 2851 MiB, 49140 MiB, 98 %
2026/09/16 05:40:02.102, 0, NVIDIA RTX A6000, 2851 MiB, 49140 MiB, 99 %
2026/09/16 05:40:04.102, 0, NVIDIA RTX A6000, 2851 MiB, 49140 MiB, 99 %
2026/09/16 05:40:06.103, 0, NVIDIA RTX A6000, 2851 MiB, 49140 MiB, 99 %
2026/09/16 05:40:08.103, 0, NVIDIA RTX A6000, 2851 MiB, 49140 MiB, 98 %
2026/09/16 05:40:10.103, 0, NVIDIA RTX A6000, 2851 MiB, 49140 MiB, 99 %
2026/09/16 05:40:12.104, 0, NVIDIA RTX A6000, 2851 MiB, 49140 MiB, 99 %
2026/09/16 05:40:14.104, 0, NVIDIA RTX A6000, 2851 MiB, 49140 MiB, 99 %
2026/09/16 05:40:16.104, 0, NVIDIA RTX A6000, 2851 MiB, 49140 MiB, 99 %
2026/09/16 05:40:18.105, 0, NVIDIA RTX A6000, 2851 MiB, 49140 MiB, 99 %
2026/09/16 05:40:20.105, 0, NVIDIA RTX A6000, 2851 MiB, 49140 MiB, 99 %
2026/09/16 05:40:22.105, 0, NVIDIA RTX A6000, 2851 MiB, 49140 MiB, 99 %
2026/09/16 05:40:24.107, 0, NVIDIA RTX A6000, 2851 MiB, 49140 MiB, 98 %
2026/09/16 05:40:26.107, 0, NVIDIA RTX A6000, 2851 MiB, 49140 MiB, 99 %
2026/09/16 05:40:28.108, 0, NVIDIA RTX A6000, 2851 MiB, 49140 MiB, 99 %
2026/09/16 05:40:30.108, 0, NVIDIA RTX A6000, 2851 MiB, 49140 MiB, 99 %
2026/09/16 05:40:32.109, 0, NVIDIA RTX A6000, 2851 MiB, 49140 MiB, 99 %
2026/09/16 05:40:34.110, 0, NVIDIA RTX A6000, 2851 MiB, 49140 MiB, 99 %
2026/09/16 05:40:36.110, 0, NVIDIA RTX A6000, 2851 MiB, 49140 MiB, 99 %
2026/09/16 05:40:38.110, 0, NVIDIA RTX A6000, 2851 MiB, 49140 MiB, 99 %
2026/09/16 05:40:40.111, 0, NVIDIA RTX A6000, 2851 MiB, 49140 MiB, 99 %
2026/09/16 05:40:42.111, 0, NVIDIA RTX A6000, 2851 MiB, 49140 MiB, 99 %
2026/09/16 05:40:44.117, 0, NVIDIA RTX A6000, 2851 MiB, 49140 MiB, 99 %
2026/09/16 05:40:46.118, 0, NVIDIA RTX A6000, 2851 MiB, 49140 MiB, 99 %
2026/09/16 05:40:48.118, 0, NVIDIA RTX A6000, 2851 MiB, 49140 MiB, 99 %
2026/09/16 05:40:50.118, 0, NVIDIA RTX A6000, 2851 MiB, 49140 MiB, 98 %
2026/09/16 05:40:52.119, 0, NVIDIA RTX A6000, 2851 MiB, 49140 MiB, 99 %
2026/09/16 05:40:54.119, 0, NVIDIA RTX A6000, 2851 MiB, 49140 MiB, 99 %
2026/09/16 05:40:56.119, 0, NVIDIA RTX A6000, 2851 MiB, 49140 MiB, 98 %
2026/09/16 05:40:58.120, 0, NVIDIA RTX A6000, 2851 MiB, 49140 MiB, 99 %
2026/09/16 05:41:00.120, 0, NVIDIA RTX A6000, 2851 MiB, 49140 MiB, 99 %
2026/09/16 05:41:02.120, 0, NVIDIA RTX A6000, 2851 MiB, 49140 MiB, 99 %
2026/09/16 05:41:04.121, 0, NVIDIA RTX A6000, 2851 MiB, 49140 MiB, 98 %
2026/09/16 05:41:06.121, 0, NVIDIA RTX A6000, 2851 MiB, 49140 MiB, 99 %
2026/09/16 05:41:08.121, 0, NVIDIA RTX A6000, 2875 MiB, 49140 MiB, 98 %
2026/09/16 05:41:10.122, 0, NVIDIA RTX A6000, 2903 MiB, 49140 MiB, 85 %
2026/09/16 05:41:12.122, 0, NVIDIA RTX A6000, 2903 MiB, 49140 MiB, 84 %
2026/09/16 05:41:14.122, 0, NVIDIA RTX A6000, 1431 MiB, 49140 MiB, 87 %
2026/09/16 05:41:16.123, 0, NVIDIA RTX A6000, 1431 MiB, 49140 MiB, 90 %
2026/09/16 05:41:18.123, 0, NVIDIA RTX A6000, 1431 MiB, 49140 MiB, 91 %
2026/09/16 05:41:20.123, 0, NVIDIA RTX A6000, 1431 MiB, 49140 MiB, 92 %
2026/09/16 05:41:22.124, 0, NVIDIA RTX A6000, 1431 MiB, 49140 MiB, 78 %
2026/09/16 05:41:24.125, 0, NVIDIA RTX A6000, 1431 MiB, 49140 MiB, 73 %
2026/09/16 05:41:26.126, 0, NVIDIA RTX A6000, 1431 MiB, 49140 MiB, 85 %
2026/09/16 05:41:28.126, 0, NVIDIA RTX A6000, 1431 MiB, 49140 MiB, 90 %
2026/09/16 05:41:30.130, 0, NVIDIA RTX A6000, 1431 MiB, 49140 MiB, 96 %
2026/09/16 05:41:32.130, 0, NVIDIA RTX A6000, 1431 MiB, 49140 MiB, 92 %
2026/09/16 05:41:34.130, 0, NVIDIA RTX A6000, 1431 MiB, 49140 MiB, 91 %
2026/09/16 05:41:36.131, 0, NVIDIA RTX A6000, 1431 MiB, 49140 MiB, 90 %
2026/09/16 05:41:38.131, 0, NVIDIA RTX A6000, 1431 MiB, 49140 MiB, 89 %
2026/09/16 05:41:40.131, 0, NVIDIA RTX A6000, 1431 MiB, 49140 MiB, 94 %
2026/09/16 05:41:42.139, 0, NVIDIA RTX A6000, 1431 MiB, 49140 MiB, 93 %
2026/09/16 05:41:44.139, 0, NVIDIA RTX A6000, 1431 MiB, 49140 MiB, 92 %
2026/09/16 05:41:46.140, 0, NVIDIA RTX A6000, 1431 MiB, 49140 MiB, 92 %
2026/09/16 05:41:48.140, 0, NVIDIA RTX A6000, 1431 MiB, 49140 MiB, 90 %
2026/09/16 05:41:50.140, 0, NVIDIA RTX A6000, 1431 MiB, 49140 MiB, 90 %
2026/09/16 05:41:52.141, 0, NVIDIA RTX A6000, 1431 MiB, 49140 MiB, 93 %
2026/09/16 05:41:54.141, 0, NVIDIA RTX A6000, 1431 MiB, 49140 MiB, 93 %
2026/09/16 05:41:56.141, 0, NVIDIA RTX A6000, 1431 MiB, 49140 MiB, 92 %
2026/09/16 05:41:58.142, 0, NVIDIA RTX A6000, 1431 MiB, 49140 MiB, 93 %
2026/09/16 05:42:00.142, 0, NVIDIA RTX A6000, 1431 MiB, 49140 MiB, 93 %
2026/09/16 05:42:02.142, 0, NVIDIA RTX A6000, 1431 MiB, 49140 MiB, 91 %
2026/09/16 05:42:04.143, 0, NVIDIA RTX A6000, 1431 MiB, 49140 MiB, 92 %
2026/09/16 05:42:06.143, 0, NVIDIA RTX A6000, 1431 MiB, 49140 MiB, 66 %
2026/09/16 05:42:08.143, 0, NVIDIA RTX A6000, 1431 MiB, 49140 MiB, 95 %
2026/09/16 05:42:10.144, 0, NVIDIA RTX A6000, 1431 MiB, 49140 MiB, 91 %
2026/09/16 05:42:12.144, 0, NVIDIA RTX A6000, 1431 MiB, 49140 MiB, 94 %
2026/09/16 05:42:14.144, 0, NVIDIA RTX A6000, 1431 MiB, 49140 MiB, 92 %
2026/09/16 05:42:16.145, 0, NVIDIA RTX A6000, 1431 MiB, 49140 MiB, 91 %
2026/09/16 05:42:18.145, 0, NVIDIA RTX A6000, 3485 MiB, 49140 MiB, 65 %
2026/09/16 05:42:20.145, 0, NVIDIA RTX A6000, 3485 MiB, 49140 MiB, 70 %
2026/09/16 05:42:22.146, 0, NVIDIA RTX A6000, 936 MiB, 49140 MiB, 76 %
2026/09/16 05:42:24.146, 0, NVIDIA RTX A6000, 936 MiB, 49140 MiB, 74 %
2026/09/16 05:42:26.146, 0, NVIDIA RTX A6000, 936 MiB, 49140 MiB, 67 %
2026/09/16 05:42:28.147, 0, NVIDIA RTX A6000, 936 MiB, 49140 MiB, 63 %
2026/09/16 05:42:30.147, 0, NVIDIA RTX A6000, 936 MiB, 49140 MiB, 62 %
2026/09/16 05:42:32.147, 0, NVIDIA RTX A6000, 936 MiB, 49140 MiB, 67 %
2026/09/16 05:42:34.148, 0, NVIDIA RTX A6000, 936 MiB, 49140 MiB, 72 %
2026/09/16 05:42:36.148, 0, NVIDIA RTX A6000, 936 MiB, 49140 MiB, 74 %
2026/09/16 05:42:38.149, 0, NVIDIA RTX A6000, 936 MiB, 49140 MiB, 61 %
2026/09/16 05:42:40.149, 0, NVIDIA RTX A6000, 936 MiB, 49140 MiB, 63 %
2026/09/16 05:42:42.149, 0, NVIDIA RTX A6000, 936 MiB, 49140 MiB, 63 %
2026/09/16 05:42:44.150, 0, NVIDIA RTX A6000, 936 MiB, 49140 MiB, 69 %
2026/09/16 05:42:46.150, 0, NVIDIA RTX A6000, 936 MiB, 49140 MiB, 75 %
2026/09/16 05:42:48.150, 0, NVIDIA RTX A6000, 936 MiB, 49140 MiB, 70 %
2026/09/16 05:42:50.151, 0, NVIDIA RTX A6000, 936 MiB, 49140 MiB, 70 %
2026/09/16 05:42:52.151, 0, NVIDIA RTX A6000, 936 MiB, 49140 MiB, 63 %
2026/09/16 05:42:54.151, 0, NVIDIA RTX A6000, 936 MiB, 49140 MiB, 69 %
2026/09/16 05:42:56.152, 0, NVIDIA RTX A6000, 1390 MiB, 49140 MiB, 65 %
2026/09/16 05:42:58.152, 0, NVIDIA RTX A6000, 1390 MiB, 49140 MiB, 14 %
2026/09/16 05:43:00.152, 0, NVIDIA RTX A6000, 504 MiB, 49140 MiB, 17 %
2026/09/16 05:43:02.153, 0, NVIDIA RTX A6000, 504 MiB, 49140 MiB, 15 %
2026/09/16 05:43:04.153, 0, NVIDIA RTX A6000, 504 MiB, 49140 MiB, 15 %
2026/09/16 05:43:06.153, 0, NVIDIA RTX A6000, 504 MiB, 49140 MiB, 15 %
2026/09/16 05:43:08.154, 0, NVIDIA RTX A6000, 504 MiB, 49140 MiB, 15 %
2026/09/16 05:43:10.154, 0, NVIDIA RTX A6000, 504 MiB, 49140 MiB, 18 %
2026/09/16 05:43:12.154, 0, NVIDIA RTX A6000, 504 MiB, 49140 MiB, 17 %
2026/09/16 05:43:14.155, 0, NVIDIA RTX A6000, 504 MiB, 49140 MiB, 16 %
2026/09/16 05:43:16.155, 0, NVIDIA RTX A6000, 504 MiB, 49140 MiB, 16 %
2026/09/16 05:43:18.156, 0, NVIDIA RTX A6000, 504 MiB, 49140 MiB, 18 %
2026/09/16 05:43:20.157, 0, NVIDIA RTX A6000, 504 MiB, 49140 MiB, 18 %
2026/09/16 05:43:22.157, 0, NVIDIA RTX A6000, 410 MiB, 49140 MiB, 15 %
2026/09/16 05:43:24.157, 0, NVIDIA RTX A6000, 5428 MiB, 49140 MiB, 0 %
2026/09/16 05:43:26.158, 0, NVIDIA RTX A6000, 5428 MiB, 49140 MiB, 0 %
