path,bytes,sha256
README_APPLY.md,485,5e25998bad256e356a2bacc4eedde3f1eb80d8bdb29e8d913663d26a3efb8332
models/pc-gnn/amazon/README.md,1722,cacd2ab78c3c516794257c9415ad9ee6975e134d8e31e30b0938630200cafb0f
models/pc-gnn/amazon/docs/PC-GNN_Experiment_Record_YelpChi_Amazon_Final.docx,207105,f092cf0a4c279ea07bf5ed15209c4eb608e8cefbb0f18731b3f83c238e99e3a8
models/pc-gnn/amazon/evidence/raw/author-mode/config/pcgnn_amazon_kaggle_t4.yml,304,f82cdd45b6a5f491b8e617f4b8618f4fc2c998c3fb87ebe12052f5cd78c65da1
models/pc-gnn/amazon/evidence/raw/author-mode/config/pcgnn_amazon_unified_tr10_seed72.yml,304,f82cdd45b6a5f491b8e617f4b8618f4fc2c998c3fb87ebe12052f5cd78c65da1
models/pc-gnn/amazon/evidence/raw/author-mode/config/pcgnn_amazon_unified_tr20_seed72.yml,304,f82cdd45b6a5f491b8e617f4b8618f4fc2c998c3fb87ebe12052f5cd78c65da1
models/pc-gnn/amazon/evidence/raw/author-mode/config/pcgnn_amazon_unified_tr30_seed72.yml,304,f82cdd45b6a5f491b8e617f4b8618f4fc2c998c3fb87ebe12052f5cd78c65da1
models/pc-gnn/amazon/evidence/raw/author-mode/config/pcgnn_amazon_unified_tr40_seed72.yml,304,f82cdd45b6a5f491b8e617f4b8618f4fc2c998c3fb87ebe12052f5cd78c65da1
models/pc-gnn/amazon/evidence/raw/author-mode/evidence/baseline_epoch_times.csv,2159,562cca1b28bc1a08f3a871a382fdb634e0fd2d1ff5afeac81245c1d64abca277
models/pc-gnn/amazon/evidence/raw/author-mode/evidence/baseline_summary.json,869,fca94d5b825ada01c3fc9f9e15d59577b4c51c9d2816f96b0f88ef8d1042e7d1
models/pc-gnn/amazon/evidence/raw/author-mode/evidence/kaggle_t4_environment.txt,18711,849cb768cce4bfc16db9c0987d1a2326f88a54734ac8c61f36997c4a9139924e
models/pc-gnn/amazon/evidence/raw/author-mode/evidence/local_environment_summary.json,459,52e5622168b5353ea074e8fbf7baafe34ec70c09619958c19e6a9fdaf0741f87
models/pc-gnn/amazon/evidence/raw/author-mode/evidence/pcgnn_original_run.txt,7274,8842cafd91e2b3a788d53e31badae8ebc5e55aeb631ca185caa9faf5aa7acaf5
models/pc-gnn/amazon/evidence/raw/author-mode/pcgnn_amazon_kaggle_t4.log,7769,1c6f13d2b067ae4f49ca040187b0d1675c63a7f22def76ab92a0a4f5fd1c1f96
models/pc-gnn/amazon/evidence/raw/author-mode/pcgnn_amazon_unified_tr10_kaggle_t4.log,7772,0b688eeb4297b0fbffb46e4f5787a1662fdd6125cba51de54012c3b4705a9f4b
models/pc-gnn/amazon/evidence/raw/author-mode/pcgnn_amazon_unified_tr20_kaggle_t4.log,7780,629f88356e11dd1cc499103cd6a8cb1105464cfbe1ba00d5dddbbbd5575c6b50
models/pc-gnn/amazon/evidence/raw/author-mode/pcgnn_amazon_unified_tr30_kaggle_t4.log,7771,ef2fcfe26047fe984528290dcaa82fe31b661332c0d944bd00384834897fc359
models/pc-gnn/amazon/evidence/raw/author-mode/pcgnn_amazon_unified_tr40_kaggle_t4.log,7773,d01383035aee5abe3f121b5e2219a8c09b50dc3c688be2b5b0656a819a7e2be5
models/pc-gnn/amazon/evidence/raw/author-mode/results/20260909T090550082021Z_amazon_PCGNN_author_reproduction_seed72/epoch_times.csv,8093,ce613cda97461873e7d3ba26c0cecfb82d22be0940a39bcd786829dbe39751da
models/pc-gnn/amazon/evidence/raw/author-mode/results/20260909T090550082021Z_amazon_PCGNN_author_reproduction_seed72/run_config.json,674,e66509f663fc2ed6126757a0edb3e5ec2a265b3cc0cc2c610a7f25d7f0c20abb
models/pc-gnn/amazon/evidence/raw/author-mode/results/20260909T090550082021Z_amazon_PCGNN_author_reproduction_seed72/split_indices.npz,22848,48ce1851c535555e878c35d888b1729010a20c68f23b2e28b830e9f1c87e21fb
models/pc-gnn/amazon/evidence/raw/author-mode/results/20260909T090550082021Z_amazon_PCGNN_author_reproduction_seed72/split_summary.json,340,74c330a4f21ac2cc3111cbaaca0bd59ce6ddf495034ab5f81a54ae46201bf5dc
models/pc-gnn/amazon/evidence/raw/author-mode/results/20260909T090550082021Z_amazon_PCGNN_author_reproduction_seed72/summary.json,3087,5c7a93aea0504abedd25ed3cdbf9e121eac2dd29ec5ad8384e72d7911048f4ab
models/pc-gnn/amazon/evidence/raw/author-mode/results/20260909T090550082021Z_amazon_PCGNN_author_reproduction_seed72/test_metrics.csv,318,acb46ea491d23ecf53ceb052fd9f0a45dfed3475115422ea4e39e7c43ee0742d
models/pc-gnn/amazon/evidence/raw/author-mode/results/20260909T092239238829Z_amazon_PCGNN_author_reproduction_seed72/epoch_times.csv,8096,3876f45a723d7b26eeb2fdf365b45c26488f16a49b6ca4e5e0c7ebaa514a9eb1
models/pc-gnn/amazon/evidence/raw/author-mode/results/20260909T092239238829Z_amazon_PCGNN_author_reproduction_seed72/run_config.json,674,a7c1f341ed450534ab8a9e69b5f71f7603fa858ea637cbe0094cf0e7d0d500ab
models/pc-gnn/amazon/evidence/raw/author-mode/results/20260909T092239238829Z_amazon_PCGNN_author_reproduction_seed72/split_indices.npz,22848,48ce1851c535555e878c35d888b1729010a20c68f23b2e28b830e9f1c87e21fb
models/pc-gnn/amazon/evidence/raw/author-mode/results/20260909T092239238829Z_amazon_PCGNN_author_reproduction_seed72/split_summary.json,340,74c330a4f21ac2cc3111cbaaca0bd59ce6ddf495034ab5f81a54ae46201bf5dc
models/pc-gnn/amazon/evidence/raw/author-mode/results/20260909T092239238829Z_amazon_PCGNN_author_reproduction_seed72/summary.json,3094,d26e743d4bb9b255386c2afc41197d4986dd2eca17a77d14fcfdce908d337b4f
models/pc-gnn/amazon/evidence/raw/author-mode/results/20260909T092239238829Z_amazon_PCGNN_author_reproduction_seed72/test_metrics.csv,318,37f53f7eb04798073601a5a27a21ce95c876b39a102756eaa057fd42a9064203
models/pc-gnn/amazon/evidence/raw/author-mode/results/20260909T092604066702Z_amazon_PCGNN_author_reproduction_seed72/epoch_times.csv,8096,8aa34b55d0454b19f849fdc44d657bd83a72af847c826d7ff8122bc9a0d7faa6
models/pc-gnn/amazon/evidence/raw/author-mode/results/20260909T092604066702Z_amazon_PCGNN_author_reproduction_seed72/run_config.json,674,2057123689f85a3fc262b3eda3df8c90b6bc1684676129e40fbdbc67b233e29f
models/pc-gnn/amazon/evidence/raw/author-mode/results/20260909T092604066702Z_amazon_PCGNN_author_reproduction_seed72/split_indices.npz,22848,48ce1851c535555e878c35d888b1729010a20c68f23b2e28b830e9f1c87e21fb
models/pc-gnn/amazon/evidence/raw/author-mode/results/20260909T092604066702Z_amazon_PCGNN_author_reproduction_seed72/split_summary.json,340,74c330a4f21ac2cc3111cbaaca0bd59ce6ddf495034ab5f81a54ae46201bf5dc
models/pc-gnn/amazon/evidence/raw/author-mode/results/20260909T092604066702Z_amazon_PCGNN_author_reproduction_seed72/summary.json,3097,7231fc0ef99a510ea98968b4eff5269e8ada45a82028204ee6544cd1cd27b587
models/pc-gnn/amazon/evidence/raw/author-mode/results/20260909T092604066702Z_amazon_PCGNN_author_reproduction_seed72/test_metrics.csv,319,47e98ab23a024181d796350febaef929a6a974dab047439f018a8c7645b33b8c
models/pc-gnn/amazon/evidence/raw/author-mode/results/20260909T092919838667Z_amazon_PCGNN_author_reproduction_seed72/epoch_times.csv,8102,7566c7a9855854ec69d6cbc3fbafe6ead50c76fdeb5043da1eea5130678a2bee
models/pc-gnn/amazon/evidence/raw/author-mode/results/20260909T092919838667Z_amazon_PCGNN_author_reproduction_seed72/run_config.json,674,cf729585c74a68d9fc4a5dcebb674c6d2e062fe522932a6092b698ec9822f09a
models/pc-gnn/amazon/evidence/raw/author-mode/results/20260909T092919838667Z_amazon_PCGNN_author_reproduction_seed72/split_indices.npz,22848,48ce1851c535555e878c35d888b1729010a20c68f23b2e28b830e9f1c87e21fb
models/pc-gnn/amazon/evidence/raw/author-mode/results/20260909T092919838667Z_amazon_PCGNN_author_reproduction_seed72/split_summary.json,340,74c330a4f21ac2cc3111cbaaca0bd59ce6ddf495034ab5f81a54ae46201bf5dc
models/pc-gnn/amazon/evidence/raw/author-mode/results/20260909T092919838667Z_amazon_PCGNN_author_reproduction_seed72/summary.json,3094,728bab40b604778093c570c62dffeba94cdadc240b922ccde4311ff16f9c55f4
models/pc-gnn/amazon/evidence/raw/author-mode/results/20260909T092919838667Z_amazon_PCGNN_author_reproduction_seed72/test_metrics.csv,318,0e2b025866a2d231e3c0bf11d6b6ba1f1f93cce41391aa7187e27b30051a787b
models/pc-gnn/amazon/evidence/raw/author-mode/results/20260909T093419658595Z_amazon_PCGNN_author_reproduction_seed72/epoch_times.csv,8095,597b0ba16d8ab3ea91b68649cee6e1001851efd38ba446c7f34a924232ac9bc6
models/pc-gnn/amazon/evidence/raw/author-mode/results/20260909T093419658595Z_amazon_PCGNN_author_reproduction_seed72/run_config.json,674,2846a744aa4699b065a361bd2717adfc1a9cf8ce0119c67ce79799256ac88309
models/pc-gnn/amazon/evidence/raw/author-mode/results/20260909T093419658595Z_amazon_PCGNN_author_reproduction_seed72/split_indices.npz,22848,48ce1851c535555e878c35d888b1729010a20c68f23b2e28b830e9f1c87e21fb
models/pc-gnn/amazon/evidence/raw/author-mode/results/20260909T093419658595Z_amazon_PCGNN_author_reproduction_seed72/split_summary.json,340,74c330a4f21ac2cc3111cbaaca0bd59ce6ddf495034ab5f81a54ae46201bf5dc
models/pc-gnn/amazon/evidence/raw/author-mode/results/20260909T093419658595Z_amazon_PCGNN_author_reproduction_seed72/summary.json,3089,4b48f25f9dbd2357d021231d72d624701a709b81f009987a30a7c7111363cf5e
models/pc-gnn/amazon/evidence/raw/author-mode/results/20260909T093419658595Z_amazon_PCGNN_author_reproduction_seed72/test_metrics.csv,318,27b33e442e070f3bad5fa8a9d3c02d44d2d8807de6346ef988cdb014fba087c9
models/pc-gnn/amazon/evidence/raw/final/FILE_MANIFEST.csv,20977,86b56a8e6a8ecfa4d0bb3ad2e7746cb18d4e502587d3f4a003aa35f3140c1ddc
models/pc-gnn/amazon/evidence/raw/final/config/generated_final_amazon/pcgnn_amazon_tr10_seed2_rho0p2.yml,494,3bdce7bbb286e54391f5959937c24d224bec0d937f3b8c3fe8a753323b7afde0
models/pc-gnn/amazon/evidence/raw/final/config/generated_final_amazon/pcgnn_amazon_tr10_seed42_rho0p2.yml,497,3754ba5d35c0b7263c59fd1786a92f5d783771f9b224ac5dc8f12e01ca72f833
models/pc-gnn/amazon/evidence/raw/final/config/generated_final_amazon/pcgnn_amazon_tr10_seed72_rho0p2.yml,497,4e07b77d22a86f3e34715300d649f1429b877671043f97aef01464e5373cd76a
models/pc-gnn/amazon/evidence/raw/final/config/generated_final_amazon/pcgnn_amazon_tr20_seed2_rho0p2.yml,494,567298d7b5fcc2313d2f97cc4cb1bcd994732513459b0feffe7c3fa6bc965633
models/pc-gnn/amazon/evidence/raw/final/config/generated_final_amazon/pcgnn_amazon_tr20_seed42_rho0p2.yml,497,9c1f9d3da15f275cca02ca0b531e8016ce49d6f3ad78694f63f7ff3b84162386
models/pc-gnn/amazon/evidence/raw/final/config/generated_final_amazon/pcgnn_amazon_tr20_seed72_rho0p2.yml,497,82e4d5400f70f78fdb8efdd19ad4c66f63728264d96c68fac7b47da99ec30e0b
models/pc-gnn/amazon/evidence/raw/final/config/generated_final_amazon/pcgnn_amazon_tr30_seed2_rho0p2.yml,494,2a965702c32f2d4a4895e130b57f3a5c44c6ac355199f28a59d8099b7c4c9210
models/pc-gnn/amazon/evidence/raw/final/config/generated_final_amazon/pcgnn_amazon_tr30_seed42_rho0p2.yml,497,fcf71dad9575324bcfcc3779191dad0abe03b89bbba743d0eb26a58b640b007c
models/pc-gnn/amazon/evidence/raw/final/config/generated_final_amazon/pcgnn_amazon_tr30_seed72_rho0p2.yml,497,f13e08e15642f72121b591fa8f6ab0e3c3ded2006b73329dc9f81ea91f58d59f
models/pc-gnn/amazon/evidence/raw/final/config/generated_final_amazon/pcgnn_amazon_tr40_seed2_rho0p2.yml,494,c0328fda61ecb3ca551117960af1c314f1dc0fb56c8289b19395b1a5a3f63e0a
models/pc-gnn/amazon/evidence/raw/final/config/generated_final_amazon/pcgnn_amazon_tr40_seed42_rho0p2.yml,497,a088ad9ba67a94432f3a7e7b14468c196e90b60443f65b48cedaff8ea0d54d7d
models/pc-gnn/amazon/evidence/raw/final/config/generated_final_amazon/pcgnn_amazon_tr40_seed72_rho0p2.yml,497,4903d1943ddfc8324bbe14aa93bfb000f5d76fafe345ea29e285dd212c82e386
models/pc-gnn/amazon/evidence/raw/final/evidence/kaggle_t4_environment.txt,18711,849cb768cce4bfc16db9c0987d1a2326f88a54734ac8c61f36997c4a9139924e
models/pc-gnn/amazon/evidence/raw/final/results/unified/amazon/pcgnn/final/amazon_final_results_registry.csv,6341,364874c71fd4f60a9fab4e1b432c167706efcaa624538f1ff9c5789696e4a016
models/pc-gnn/amazon/evidence/raw/final/results/unified/amazon/pcgnn/final/amazon_final_results_registry.json,11374,99685b6e2fea72986bf72ca28d5fff85be723159bdcb549110dcbf7d3362741c
models/pc-gnn/amazon/evidence/raw/final/results/unified/amazon/pcgnn/final/final_batch_status.json,559,f32b44ba146f40f66a1e7903e2205525aa2e7f9f4e618f6f7da0a3ba45170987
models/pc-gnn/amazon/evidence/raw/final/results/unified/amazon/pcgnn/final/logs/pcgnn_amazon_tr10_seed2.log,8168,7866ffa7ae4610b42bcb8922c8c389f1ba51e4b5aeb05a8e8b554763ad1b684c
models/pc-gnn/amazon/evidence/raw/final/results/unified/amazon/pcgnn/final/logs/pcgnn_amazon_tr10_seed42.log,8257,7a7720e9820a3f72e88f2c2b08dab5efb7dc50b47a471f591117c4fb5902f19a
models/pc-gnn/amazon/evidence/raw/final/results/unified/amazon/pcgnn/final/logs/pcgnn_amazon_tr10_seed72.log,8284,32d94a6f7d0a3340bd6bfbdc19f8d29c4d31ba3b66551679f72971c6e763f0ad
models/pc-gnn/amazon/evidence/raw/final/results/unified/amazon/pcgnn/final/logs/pcgnn_amazon_tr20_seed2.log,8166,4ffe931cb5e090695494cf622d0c29ad6443d2c6953e8271f844c8b235bcc627
models/pc-gnn/amazon/evidence/raw/final/results/unified/amazon/pcgnn/final/logs/pcgnn_amazon_tr20_seed42.log,8211,85ae555474795ca3ad82396bbad3e055832e5f26e32dba8022f4d75ebf2f00d0
models/pc-gnn/amazon/evidence/raw/final/results/unified/amazon/pcgnn/final/logs/pcgnn_amazon_tr20_seed72.log,8222,3d54a2128330f90f3b8408f71e7e798a368b756acf04699dd958ca2c4a42aafa
models/pc-gnn/amazon/evidence/raw/final/results/unified/amazon/pcgnn/final/logs/pcgnn_amazon_tr30_seed2.log,8177,f23adc6e819d9d5ee4a1b44738813df2b6edbfe53c7cfb9b1876f93085a24432
models/pc-gnn/amazon/evidence/raw/final/results/unified/amazon/pcgnn/final/logs/pcgnn_amazon_tr30_seed42.log,8222,03b9d612b8adcbdeffb74c80716189f254d121462b88017f7e840431f23eaad0
models/pc-gnn/amazon/evidence/raw/final/results/unified/amazon/pcgnn/final/logs/pcgnn_amazon_tr30_seed72.log,8225,f22067c3a2015ed4e3a8b03debd07537f5e20fe8a77c21549620edb4b56bbb59
models/pc-gnn/amazon/evidence/raw/final/results/unified/amazon/pcgnn/final/logs/pcgnn_amazon_tr40_seed2.log,8177,99e13fc39733f596b37e367e315075f4dcb22ab7142288c214ee4c1fb49b352d
models/pc-gnn/amazon/evidence/raw/final/results/unified/amazon/pcgnn/final/logs/pcgnn_amazon_tr40_seed42.log,8187,b4172de45a7e10b70bc64640f16c329d25472a00e542e679dcf6283b7ee1a74b
models/pc-gnn/amazon/evidence/raw/final/results/unified/amazon/pcgnn/final/tr10/seed2/20260909T120530734189Z_amazon_PCGNN_unified_final_amazon_tr10_kaggle_t4_seed2_rho0p2_seed2/epoch_times.csv,8115,991b98481d4ec0ba94b97f6b4031106403751698b9c96d9a081402d0eac291bf
models/pc-gnn/amazon/evidence/raw/final/results/unified/amazon/pcgnn/final/tr10/seed2/20260909T120530734189Z_amazon_PCGNN_unified_final_amazon_tr10_kaggle_t4_seed2_rho0p2_seed2/run_config.json,981,34dad91fd802f2f75dfe283f0757bb947a88afd702d417c3f27ecd257cf9ad59
models/pc-gnn/amazon/evidence/raw/final/results/unified/amazon/pcgnn/final/tr10/seed2/20260909T120530734189Z_amazon_PCGNN_unified_final_amazon_tr10_kaggle_t4_seed2_rho0p2_seed2/split_indices.npz,20325,2c201c6693e68a7ea6d5354994f24ef79bb86754bb14714937297dfe5a8e7d02
models/pc-gnn/amazon/evidence/raw/final/results/unified/amazon/pcgnn/final/tr10/seed2/20260909T120530734189Z_amazon_PCGNN_unified_final_amazon_tr10_kaggle_t4_seed2_rho0p2_seed2/split_summary.json,408,92c4f3911cb2387a4dd3a1d5c3b30f12dd02a95f4a2d6c7a8748c64b9cff88d0
models/pc-gnn/amazon/evidence/raw/final/results/unified/amazon/pcgnn/final/tr10/seed2/20260909T120530734189Z_amazon_PCGNN_unified_final_amazon_tr10_kaggle_t4_seed2_rho0p2_seed2/summary.json,3533,9acd87e88fd05f2866ebde2322ec6c308fe6d225da862fcd056711319bfeeff2
models/pc-gnn/amazon/evidence/raw/final/results/unified/amazon/pcgnn/final/tr10/seed2/20260909T120530734189Z_amazon_PCGNN_unified_final_amazon_tr10_kaggle_t4_seed2_rho0p2_seed2/test_metrics.csv,320,4b3ece7bb040fb6db83ad05f58826643ffcc3014f9c17b18e553fcddb9bdccfa
models/pc-gnn/amazon/evidence/raw/final/results/unified/amazon/pcgnn/final/tr10/seed42/20260909T120653682703Z_amazon_PCGNN_unified_final_amazon_tr10_kaggle_t4_seed42_rho0p2_seed42/epoch_times.csv,8097,eb74b78c4dd7e5750f2b03918c3a273575ba95a21f04e01a15f44ab477a04627
models/pc-gnn/amazon/evidence/raw/final/results/unified/amazon/pcgnn/final/tr10/seed42/20260909T120653682703Z_amazon_PCGNN_unified_final_amazon_tr10_kaggle_t4_seed42_rho0p2_seed42/run_config.json,986,109d47c53c33db502fba44f0b9f3fab61e42797f3cf07f680e9606fd75f37303
models/pc-gnn/amazon/evidence/raw/final/results/unified/amazon/pcgnn/final/tr10/seed42/20260909T120653682703Z_amazon_PCGNN_unified_final_amazon_tr10_kaggle_t4_seed42_rho0p2_seed42/split_indices.npz,20325,2c201c6693e68a7ea6d5354994f24ef79bb86754bb14714937297dfe5a8e7d02
models/pc-gnn/amazon/evidence/raw/final/results/unified/amazon/pcgnn/final/tr10/seed42/20260909T120653682703Z_amazon_PCGNN_unified_final_amazon_tr10_kaggle_t4_seed42_rho0p2_seed42/split_summary.json,408,92c4f3911cb2387a4dd3a1d5c3b30f12dd02a95f4a2d6c7a8748c64b9cff88d0
models/pc-gnn/amazon/evidence/raw/final/results/unified/amazon/pcgnn/final/tr10/seed42/20260909T120653682703Z_amazon_PCGNN_unified_final_amazon_tr10_kaggle_t4_seed42_rho0p2_seed42/summary.json,3537,a5aecaa21237322e68581b6c0577618c5082251e366a9a37eb77022efa4ef850
models/pc-gnn/amazon/evidence/raw/final/results/unified/amazon/pcgnn/final/tr10/seed42/20260909T120653682703Z_amazon_PCGNN_unified_final_amazon_tr10_kaggle_t4_seed42_rho0p2_seed42/test_metrics.csv,318,0390242333b25ab662d91c7d695aced01333c28dd4031e975dccfa7ac46a148d
models/pc-gnn/amazon/evidence/raw/final/results/unified/amazon/pcgnn/final/tr10/seed72/20260909T120816602134Z_amazon_PCGNN_unified_final_amazon_tr10_kaggle_t4_seed72_rho0p2_seed72/epoch_times.csv,8108,e156e1cfb17c1e00817b36ea35f8ba2afe1e744b12a19da169740bb9acdd361c
models/pc-gnn/amazon/evidence/raw/final/results/unified/amazon/pcgnn/final/tr10/seed72/20260909T120816602134Z_amazon_PCGNN_unified_final_amazon_tr10_kaggle_t4_seed72_rho0p2_seed72/run_config.json,986,6f65fe553569687a7ea78f00c7565271393109a24d0499168705d2c21b04e431
models/pc-gnn/amazon/evidence/raw/final/results/unified/amazon/pcgnn/final/tr10/seed72/20260909T120816602134Z_amazon_PCGNN_unified_final_amazon_tr10_kaggle_t4_seed72_rho0p2_seed72/split_indices.npz,20325,2c201c6693e68a7ea6d5354994f24ef79bb86754bb14714937297dfe5a8e7d02
models/pc-gnn/amazon/evidence/raw/final/results/unified/amazon/pcgnn/final/tr10/seed72/20260909T120816602134Z_amazon_PCGNN_unified_final_amazon_tr10_kaggle_t4_seed72_rho0p2_seed72/split_summary.json,408,92c4f3911cb2387a4dd3a1d5c3b30f12dd02a95f4a2d6c7a8748c64b9cff88d0
models/pc-gnn/amazon/evidence/raw/final/results/unified/amazon/pcgnn/final/tr10/seed72/20260909T120816602134Z_amazon_PCGNN_unified_final_amazon_tr10_kaggle_t4_seed72_rho0p2_seed72/summary.json,3538,8c02b8d1de5ae55f202433c5c40af4af7d81198e35b589b3c5fcd92765a88717
models/pc-gnn/amazon/evidence/raw/final/results/unified/amazon/pcgnn/final/tr10/seed72/20260909T120816602134Z_amazon_PCGNN_unified_final_amazon_tr10_kaggle_t4_seed72_rho0p2_seed72/test_metrics.csv,320,e469f03773c2924483129470b1c93e3019317bd1f2e4941fdb7954f221299bcd
models/pc-gnn/amazon/evidence/raw/final/results/unified/amazon/pcgnn/final/tr20/seed2/20260909T120003166811Z_amazon_PCGNN_unified_final_amazon_tr20_kaggle_t4_seed2_rho0p2_seed2/epoch_times.csv,8101,00542e7f6ee346467bea38cf1fcfe7351e106722ad61457f831b052e213b304f
models/pc-gnn/amazon/evidence/raw/final/results/unified/amazon/pcgnn/final/tr20/seed2/20260909T120003166811Z_amazon_PCGNN_unified_final_amazon_tr20_kaggle_t4_seed2_rho0p2_seed2/run_config.json,981,dcfcf84f493855dc147c046898db255afb969e4a611953b9270a3cba14e484a1
models/pc-gnn/amazon/evidence/raw/final/results/unified/amazon/pcgnn/final/tr20/seed2/20260909T120003166811Z_amazon_PCGNN_unified_final_amazon_tr20_kaggle_t4_seed2_rho0p2_seed2/split_indices.npz,21217,0ad523aedad3aec753c93dcb5cbd91fa7ba268bdea63429812540339b18513f8
models/pc-gnn/amazon/evidence/raw/final/results/unified/amazon/pcgnn/final/tr20/seed2/20260909T120003166811Z_amazon_PCGNN_unified_final_amazon_tr20_kaggle_t4_seed2_rho0p2_seed2/split_summary.json,411,9f55cbc37d2d820b508890c672b771e3f4cfcd99796cde0ef52c3bd663edcdaf
models/pc-gnn/amazon/evidence/raw/final/results/unified/amazon/pcgnn/final/tr20/seed2/20260909T120003166811Z_amazon_PCGNN_unified_final_amazon_tr20_kaggle_t4_seed2_rho0p2_seed2/summary.json,3531,ef04b0edc07e631d957261347cc553dd9fe26ccbd5a4c3d803c9c5b64ccf7db0
models/pc-gnn/amazon/evidence/raw/final/results/unified/amazon/pcgnn/final/tr20/seed2/20260909T120003166811Z_amazon_PCGNN_unified_final_amazon_tr20_kaggle_t4_seed2_rho0p2_seed2/test_metrics.csv,320,922adbe2bced54b1e144660942521b190f0d29c01d18489a75cee885c6d401e6
models/pc-gnn/amazon/evidence/raw/final/results/unified/amazon/pcgnn/final/tr20/seed42/20260909T120153109703Z_amazon_PCGNN_unified_final_amazon_tr20_kaggle_t4_seed42_rho0p2_seed42/epoch_times.csv,8105,f1ae97155d8db3224494e61575dc5c9662327a6c4e2d4d296f49ade7c8b57017
models/pc-gnn/amazon/evidence/raw/final/results/unified/amazon/pcgnn/final/tr20/seed42/20260909T120153109703Z_amazon_PCGNN_unified_final_amazon_tr20_kaggle_t4_seed42_rho0p2_seed42/run_config.json,986,700ef7b426ee7de6602060205d55263ff84e78fc275d1cb8809cd13ea6def42f
models/pc-gnn/amazon/evidence/raw/final/results/unified/amazon/pcgnn/final/tr20/seed42/20260909T120153109703Z_amazon_PCGNN_unified_final_amazon_tr20_kaggle_t4_seed42_rho0p2_seed42/split_indices.npz,21217,0ad523aedad3aec753c93dcb5cbd91fa7ba268bdea63429812540339b18513f8
models/pc-gnn/amazon/evidence/raw/final/results/unified/amazon/pcgnn/final/tr20/seed42/20260909T120153109703Z_amazon_PCGNN_unified_final_amazon_tr20_kaggle_t4_seed42_rho0p2_seed42/split_summary.json,411,9f55cbc37d2d820b508890c672b771e3f4cfcd99796cde0ef52c3bd663edcdaf
models/pc-gnn/amazon/evidence/raw/final/results/unified/amazon/pcgnn/final/tr20/seed42/20260909T120153109703Z_amazon_PCGNN_unified_final_amazon_tr20_kaggle_t4_seed42_rho0p2_seed42/summary.json,3541,b16bd5c7da64c42a41270f906be04d394a44b2af434eb96c205ee0df2cc74fbe
models/pc-gnn/amazon/evidence/raw/final/results/unified/amazon/pcgnn/final/tr20/seed42/20260909T120153109703Z_amazon_PCGNN_unified_final_amazon_tr20_kaggle_t4_seed42_rho0p2_seed42/test_metrics.csv,320,e9f318046470a36db2db4243d38fe22698258d4b204493c232a1efa00e1d1096
models/pc-gnn/amazon/evidence/raw/final/results/unified/amazon/pcgnn/final/tr20/seed72/20260909T120341364045Z_amazon_PCGNN_unified_final_amazon_tr20_kaggle_t4_seed72_rho0p2_seed72/epoch_times.csv,8114,0f2ad01f731db42cfb24a64e6ae6e450f7f064bc2adfcff2b5bddd9b95c1311c
models/pc-gnn/amazon/evidence/raw/final/results/unified/amazon/pcgnn/final/tr20/seed72/20260909T120341364045Z_amazon_PCGNN_unified_final_amazon_tr20_kaggle_t4_seed72_rho0p2_seed72/run_config.json,986,a0d94d5bca670317ae7d90da63989902afb51743ebf3888742d6981137ff5a6b
models/pc-gnn/amazon/evidence/raw/final/results/unified/amazon/pcgnn/final/tr20/seed72/20260909T120341364045Z_amazon_PCGNN_unified_final_amazon_tr20_kaggle_t4_seed72_rho0p2_seed72/split_indices.npz,21217,0ad523aedad3aec753c93dcb5cbd91fa7ba268bdea63429812540339b18513f8
models/pc-gnn/amazon/evidence/raw/final/results/unified/amazon/pcgnn/final/tr20/seed72/20260909T120341364045Z_amazon_PCGNN_unified_final_amazon_tr20_kaggle_t4_seed72_rho0p2_seed72/split_summary.json,411,9f55cbc37d2d820b508890c672b771e3f4cfcd99796cde0ef52c3bd663edcdaf
models/pc-gnn/amazon/evidence/raw/final/results/unified/amazon/pcgnn/final/tr20/seed72/20260909T120341364045Z_amazon_PCGNN_unified_final_amazon_tr20_kaggle_t4_seed72_rho0p2_seed72/summary.json,3541,3bde7efebadc25f0ad6100c75c8f9c7d6e78e8db56817c929528de6fc73ba915
models/pc-gnn/amazon/evidence/raw/final/results/unified/amazon/pcgnn/final/tr20/seed72/20260909T120341364045Z_amazon_PCGNN_unified_final_amazon_tr20_kaggle_t4_seed72_rho0p2_seed72/test_metrics.csv,321,770294fb4e47536818612f538695444c753a2d05fed7ffae38073df88d8b8951
models/pc-gnn/amazon/evidence/raw/final/results/unified/amazon/pcgnn/final/tr30/seed2/20260909T115332115444Z_amazon_PCGNN_unified_final_amazon_tr30_kaggle_t4_seed2_rho0p2_seed2/epoch_times.csv,8105,e6049dbe1a1dfa8ddfc2e14b8a6f21a4c152376cd4eff421b95e4a86b87dbda1
models/pc-gnn/amazon/evidence/raw/final/results/unified/amazon/pcgnn/final/tr30/seed2/20260909T115332115444Z_amazon_PCGNN_unified_final_amazon_tr30_kaggle_t4_seed2_rho0p2_seed2/run_config.json,981,5e81266e2500814349722fc2f770f3c76be01f6f0142579843f31bee2b981388
models/pc-gnn/amazon/evidence/raw/final/results/unified/amazon/pcgnn/final/tr30/seed2/20260909T115332115444Z_amazon_PCGNN_unified_final_amazon_tr30_kaggle_t4_seed2_rho0p2_seed2/split_indices.npz,22098,8ee42bfb056013bf5e127a930eda3aa31b2a9eea5f0c2565ae6e9441128c9590
models/pc-gnn/amazon/evidence/raw/final/results/unified/amazon/pcgnn/final/tr30/seed2/20260909T115332115444Z_amazon_PCGNN_unified_final_amazon_tr30_kaggle_t4_seed2_rho0p2_seed2/split_summary.json,410,3033d4dc723f18042f4a6606fe7fce0c36edaad9a615be52b3dd03f523a373c4
models/pc-gnn/amazon/evidence/raw/final/results/unified/amazon/pcgnn/final/tr30/seed2/20260909T115332115444Z_amazon_PCGNN_unified_final_amazon_tr30_kaggle_t4_seed2_rho0p2_seed2/summary.json,3531,6b5b6cbf22d7a46cbb94128664ac7154dbccf41dfa59a02ae2e8d2f836075c2f
models/pc-gnn/amazon/evidence/raw/final/results/unified/amazon/pcgnn/final/tr30/seed2/20260909T115332115444Z_amazon_PCGNN_unified_final_amazon_tr30_kaggle_t4_seed2_rho0p2_seed2/test_metrics.csv,319,4ccc83961b008b133e502e909e2824b2bafb3f067d4cd590dd2db477392084a8
models/pc-gnn/amazon/evidence/raw/final/results/unified/amazon/pcgnn/final/tr30/seed42/20260909T115542606340Z_amazon_PCGNN_unified_final_amazon_tr30_kaggle_t4_seed42_rho0p2_seed42/epoch_times.csv,8078,f7cc2fb575f3a60575f6dc8d40a09bb682eece2de6df967f1cb6af400347ce2d
models/pc-gnn/amazon/evidence/raw/final/results/unified/amazon/pcgnn/final/tr30/seed42/20260909T115542606340Z_amazon_PCGNN_unified_final_amazon_tr30_kaggle_t4_seed42_rho0p2_seed42/run_config.json,986,6bbd720efe511f219bb7a2eeeecb1b3b5f278eea235784f34691eec432b9a3d1
models/pc-gnn/amazon/evidence/raw/final/results/unified/amazon/pcgnn/final/tr30/seed42/20260909T115542606340Z_amazon_PCGNN_unified_final_amazon_tr30_kaggle_t4_seed42_rho0p2_seed42/split_indices.npz,22098,8ee42bfb056013bf5e127a930eda3aa31b2a9eea5f0c2565ae6e9441128c9590
models/pc-gnn/amazon/evidence/raw/final/results/unified/amazon/pcgnn/final/tr30/seed42/20260909T115542606340Z_amazon_PCGNN_unified_final_amazon_tr30_kaggle_t4_seed42_rho0p2_seed42/split_summary.json,410,3033d4dc723f18042f4a6606fe7fce0c36edaad9a615be52b3dd03f523a373c4
models/pc-gnn/amazon/evidence/raw/final/results/unified/amazon/pcgnn/final/tr30/seed42/20260909T115542606340Z_amazon_PCGNN_unified_final_amazon_tr30_kaggle_t4_seed42_rho0p2_seed42/summary.json,3528,aa3b5e1d287105db121acce65742c83b0be3986830bb68de19a2ffe492d93679
models/pc-gnn/amazon/evidence/raw/final/results/unified/amazon/pcgnn/final/tr30/seed42/20260909T115542606340Z_amazon_PCGNN_unified_final_amazon_tr30_kaggle_t4_seed42_rho0p2_seed42/test_metrics.csv,305,55cd45aa92e0e247d4fa055eb824418c889f2a8f25347de44adf8eb356fdb57a
models/pc-gnn/amazon/evidence/raw/final/results/unified/amazon/pcgnn/final/tr30/seed72/20260909T115752027410Z_amazon_PCGNN_unified_final_amazon_tr30_kaggle_t4_seed72_rho0p2_seed72/epoch_times.csv,8079,47598b3ce07a489231748a6b91faa0f81708ed2de0294df0ef0b3a3ffb58b213
models/pc-gnn/amazon/evidence/raw/final/results/unified/amazon/pcgnn/final/tr30/seed72/20260909T115752027410Z_amazon_PCGNN_unified_final_amazon_tr30_kaggle_t4_seed72_rho0p2_seed72/run_config.json,986,b689af22d273e58b983cdd2908d5178a6d214ed5f5f86bdb334064571ac7eddf
models/pc-gnn/amazon/evidence/raw/final/results/unified/amazon/pcgnn/final/tr30/seed72/20260909T115752027410Z_amazon_PCGNN_unified_final_amazon_tr30_kaggle_t4_seed72_rho0p2_seed72/split_indices.npz,22098,8ee42bfb056013bf5e127a930eda3aa31b2a9eea5f0c2565ae6e9441128c9590
models/pc-gnn/amazon/evidence/raw/final/results/unified/amazon/pcgnn/final/tr30/seed72/20260909T115752027410Z_amazon_PCGNN_unified_final_amazon_tr30_kaggle_t4_seed72_rho0p2_seed72/split_summary.json,410,3033d4dc723f18042f4a6606fe7fce0c36edaad9a615be52b3dd03f523a373c4
models/pc-gnn/amazon/evidence/raw/final/results/unified/amazon/pcgnn/final/tr30/seed72/20260909T115752027410Z_amazon_PCGNN_unified_final_amazon_tr30_kaggle_t4_seed72_rho0p2_seed72/summary.json,3541,a52aa6326e290e1227385d513561517b6253bf384fb484d003ef52ab001da6d7
models/pc-gnn/amazon/evidence/raw/final/results/unified/amazon/pcgnn/final/tr30/seed72/20260909T115752027410Z_amazon_PCGNN_unified_final_amazon_tr30_kaggle_t4_seed72_rho0p2_seed72/test_metrics.csv,320,041731092f01ae03cd0d3a913d751fa206926888379f461541e9d25d61f68cfb
models/pc-gnn/amazon/evidence/raw/final/results/unified/amazon/pcgnn/final/tr40/seed2/20260909T114819071506Z_amazon_PCGNN_unified_final_amazon_tr40_kaggle_t4_seed2_rho0p2_seed2/epoch_times.csv,8079,10256cc659caa6a0542bdc828790e8c481d873329e5d60ccb7008d5545213689
models/pc-gnn/amazon/evidence/raw/final/results/unified/amazon/pcgnn/final/tr40/seed2/20260909T114819071506Z_amazon_PCGNN_unified_final_amazon_tr40_kaggle_t4_seed2_rho0p2_seed2/run_config.json,981,190847d38ae75c1854e65ce88bb86600890c6cc6c97e9fb8e17df2e68be40a9d
models/pc-gnn/amazon/evidence/raw/final/results/unified/amazon/pcgnn/final/tr40/seed2/20260909T114819071506Z_amazon_PCGNN_unified_final_amazon_tr40_kaggle_t4_seed2_rho0p2_seed2/split_indices.npz,22853,2aa40cd079e0d7fea5154229f32992716a737be0b361edf11ff3746cbfc3b509
models/pc-gnn/amazon/evidence/raw/final/results/unified/amazon/pcgnn/final/tr40/seed2/20260909T114819071506Z_amazon_PCGNN_unified_final_amazon_tr40_kaggle_t4_seed2_rho0p2_seed2/split_summary.json,408,0d634274ed34f44a17cd83b75a3c20de42d77a56731cc93f07e36d1346927918
models/pc-gnn/amazon/evidence/raw/final/results/unified/amazon/pcgnn/final/tr40/seed2/20260909T114819071506Z_amazon_PCGNN_unified_final_amazon_tr40_kaggle_t4_seed2_rho0p2_seed2/summary.json,3530,2700eb63d05d9972380f79ecebc55f7ca23712f5046c2bb874ba2e78d5f1cc62
models/pc-gnn/amazon/evidence/raw/final/results/unified/amazon/pcgnn/final/tr40/seed2/20260909T114819071506Z_amazon_PCGNN_unified_final_amazon_tr40_kaggle_t4_seed2_rho0p2_seed2/test_metrics.csv,320,91a0e44ccaa5a7228eb0910fb8c87f666f11b71ad3f355ef3a9f30783cb0f586
models/pc-gnn/amazon/evidence/raw/final/results/unified/amazon/pcgnn/final/tr40/seed42/20260909T115056061417Z_amazon_PCGNN_unified_final_amazon_tr40_kaggle_t4_seed42_rho0p2_seed42/epoch_times.csv,8064,fd0c41f3aeb27b89aa6e9edf7d6ecb701a9362607185184df663cb555a6fd1c2
models/pc-gnn/amazon/evidence/raw/final/results/unified/amazon/pcgnn/final/tr40/seed42/20260909T115056061417Z_amazon_PCGNN_unified_final_amazon_tr40_kaggle_t4_seed42_rho0p2_seed42/run_config.json,986,73ff31206347b68ba7455fb777a606f0d7d10807c80123c6176f903287813150
models/pc-gnn/amazon/evidence/raw/final/results/unified/amazon/pcgnn/final/tr40/seed42/20260909T115056061417Z_amazon_PCGNN_unified_final_amazon_tr40_kaggle_t4_seed42_rho0p2_seed42/split_indices.npz,22853,2aa40cd079e0d7fea5154229f32992716a737be0b361edf11ff3746cbfc3b509
models/pc-gnn/amazon/evidence/raw/final/results/unified/amazon/pcgnn/final/tr40/seed42/20260909T115056061417Z_amazon_PCGNN_unified_final_amazon_tr40_kaggle_t4_seed42_rho0p2_seed42/split_summary.json,408,0d634274ed34f44a17cd83b75a3c20de42d77a56731cc93f07e36d1346927918
models/pc-gnn/amazon/evidence/raw/final/results/unified/amazon/pcgnn/final/tr40/seed42/20260909T115056061417Z_amazon_PCGNN_unified_final_amazon_tr40_kaggle_t4_seed42_rho0p2_seed42/summary.json,3544,a0178d72143bd4179648675b4ebfd677f6ffd2eb111ec901aa19190e3063bb2d
models/pc-gnn/amazon/evidence/raw/final/results/unified/amazon/pcgnn/final/tr40/seed42/20260909T115056061417Z_amazon_PCGNN_unified_final_amazon_tr40_kaggle_t4_seed42_rho0p2_seed42/test_metrics.csv,321,8bb68bf8302c4f2ce73edb2bc13a1703f262c590ae1b585d5cf28226fb993314
models/pc-gnn/amazon/evidence/raw/final/results/unified/amazon/pcgnn/tuning_tr40/rho_0p2/20260909T112524687690Z_amazon_PCGNN_unified_tuning_amazon_tr40_rho0p2_seed72_seed72/epoch_times.csv,8122,d5f43181b9c82161ce005a5e79760906099a3159408a5fa26229e529ffe1a957
models/pc-gnn/amazon/evidence/raw/final/results/unified/amazon/pcgnn/tuning_tr40/rho_0p2/20260909T112524687690Z_amazon_PCGNN_unified_tuning_amazon_tr40_rho0p2_seed72_seed72/run_config.json,970,62868bbdc176f83d0476379666aea79577251fa7c2139ab50128bbef85bf3677
models/pc-gnn/amazon/evidence/raw/final/results/unified/amazon/pcgnn/tuning_tr40/rho_0p2/20260909T112524687690Z_amazon_PCGNN_unified_tuning_amazon_tr40_rho0p2_seed72_seed72/split_indices.npz,22853,2aa40cd079e0d7fea5154229f32992716a737be0b361edf11ff3746cbfc3b509
models/pc-gnn/amazon/evidence/raw/final/results/unified/amazon/pcgnn/tuning_tr40/rho_0p2/20260909T112524687690Z_amazon_PCGNN_unified_tuning_amazon_tr40_rho0p2_seed72_seed72/split_summary.json,408,0d634274ed34f44a17cd83b75a3c20de42d77a56731cc93f07e36d1346927918
models/pc-gnn/amazon/evidence/raw/final/results/unified/amazon/pcgnn/tuning_tr40/rho_0p2/20260909T112524687690Z_amazon_PCGNN_unified_tuning_amazon_tr40_rho0p2_seed72_seed72/summary.json,3505,50713133ff7cc38c04e41602d0a7a983524318f94c43aeb33540b05a06c47792
models/pc-gnn/amazon/evidence/raw/final/results/unified/amazon/pcgnn/tuning_tr40/rho_0p2/20260909T112524687690Z_amazon_PCGNN_unified_tuning_amazon_tr40_rho0p2_seed72_seed72/test_metrics.csv,320,4f916712a51dbf90e310a3607dcdbbf212f2062d80017737fb43431738f62c56
models/pc-gnn/amazon/evidence/raw/final/results/unified/amazon/pcgnn/tuning_tr40/rho_validation_selection.csv,1047,f5be73aa70e1606adb9e0d14d56a9b06644c67c8fc5dc0686cde90920c3d36cf
models/pc-gnn/amazon/evidence/raw/final/results/unified/amazon/pcgnn/tuning_tr40/rho_validation_selection.json,2018,d96b10d9c423c2a7950a613915c10dfbc1b34c5f260feca36ca63fb28d4056c2
models/pc-gnn/amazon/evidence/raw/final/results/unified/amazon/pcgnn/tuning_tr40/tuning_batch_status.json,183,757a98863a51cda1cb996b90a89ce6635fe34ea0b5ec8b9eb70f4ac5ec14a857
models/pc-gnn/amazon/evidence/raw/final/results/unified/amazon/pcgnn/tuning_tr40/tuning_manifest.json,419,5e2769f3a66de5a84ceeb1cfb95c5b6528cc550b1b4146400326c391f27f40e6
models/pc-gnn/amazon/evidence/raw/final/shared/splits/amazon/amazon_TR10_seed2.npz,20325,2c201c6693e68a7ea6d5354994f24ef79bb86754bb14714937297dfe5a8e7d02
models/pc-gnn/amazon/evidence/raw/final/shared/splits/amazon/amazon_TR20_seed2.npz,21217,0ad523aedad3aec753c93dcb5cbd91fa7ba268bdea63429812540339b18513f8
models/pc-gnn/amazon/evidence/raw/final/shared/splits/amazon/amazon_TR30_seed2.npz,22098,8ee42bfb056013bf5e127a930eda3aa31b2a9eea5f0c2565ae6e9441128c9590
models/pc-gnn/amazon/evidence/raw/final/shared/splits/amazon/amazon_TR40_seed2.npz,22853,2aa40cd079e0d7fea5154229f32992716a737be0b361edf11ff3746cbfc3b509
models/pc-gnn/amazon/evidence/raw/final/shared/splits/amazon/amazon_nested_split_manifest_seed2.json,2437,bc46bcffbdc242233ec6799ab9486bfcf2c3fb0b420a94d50b3b5f334315f480
models/pc-gnn/amazon/evidence/raw/tuning/config/generated_tuning_amazon/pcgnn_amazon_tr40_rho_0p2_seed72.yml,490,152dfe0079e43372017d1c01d7c929c7cb23248b2ed99dccd8b0d44a4acf521d
models/pc-gnn/amazon/evidence/raw/tuning/config/generated_tuning_amazon/pcgnn_amazon_tr40_rho_0p4_seed72.yml,490,b2208b802a92beaf1c01c96883526d0c319adf8bb1fd92125cb6e3a1f675329e
models/pc-gnn/amazon/evidence/raw/tuning/config/generated_tuning_amazon/pcgnn_amazon_tr40_rho_0p5_seed72.yml,490,94cb1378d4cd409f2080fa11e41f9a042adcdc08fcbb7932f3644a311f1d4b60
models/pc-gnn/amazon/evidence/raw/tuning/config/generated_tuning_amazon/pcgnn_amazon_tr40_rho_0p6_seed72.yml,490,05a727eb1e0ac44f39c8bc32b0aad3f5e6916a75a7e82f4ab2d483f52b9a6d7d
models/pc-gnn/amazon/evidence/raw/tuning/config/generated_tuning_amazon/pcgnn_amazon_tr40_rho_0p8_seed72.yml,490,44ff507fdc4b45c90fc69595b44f614acf9f097708c12510805e63f079785937
models/pc-gnn/amazon/evidence/raw/tuning/evidence/kaggle_t4_environment.txt,18711,849cb768cce4bfc16db9c0987d1a2326f88a54734ac8c61f36997c4a9139924e
models/pc-gnn/amazon/evidence/raw/tuning/results/unified/amazon/pcgnn/tuning_tr40/logs/rho_0p2_seed72.log,8156,dcc4f9924f1a95a6568d3cb49c93eab6c541eca7854dfc34ecb3343e36c45d4b
models/pc-gnn/amazon/evidence/raw/tuning/results/unified/amazon/pcgnn/tuning_tr40/logs/rho_0p4_seed72.log,8152,2550a88edf35c61c4db97bedf6ee0240bf19ffc6ffeb892f3244b24704a95d2f
models/pc-gnn/amazon/evidence/raw/tuning/results/unified/amazon/pcgnn/tuning_tr40/logs/rho_0p5_seed72.log,8138,671e2eed2d461cd2d9a905fca3676446f4d78bffbd5faf8309d74531e8a997e2
models/pc-gnn/amazon/evidence/raw/tuning/results/unified/amazon/pcgnn/tuning_tr40/logs/rho_0p6_seed72.log,8141,2f8752c072fbb88429c456fca8d3b989e6f49af62e36be094b669cb714c90d53
models/pc-gnn/amazon/evidence/raw/tuning/results/unified/amazon/pcgnn/tuning_tr40/logs/rho_0p8_seed72.log,8126,672b81c03592e5b0d89f30b66687709674cc3e345d585d9d61de88971134a8c0
models/pc-gnn/amazon/evidence/raw/tuning/results/unified/amazon/pcgnn/tuning_tr40/rho_0p2/20260909T112524687690Z_amazon_PCGNN_unified_tuning_amazon_tr40_rho0p2_seed72_seed72/epoch_times.csv,8122,d5f43181b9c82161ce005a5e79760906099a3159408a5fa26229e529ffe1a957
models/pc-gnn/amazon/evidence/raw/tuning/results/unified/amazon/pcgnn/tuning_tr40/rho_0p2/20260909T112524687690Z_amazon_PCGNN_unified_tuning_amazon_tr40_rho0p2_seed72_seed72/run_config.json,970,62868bbdc176f83d0476379666aea79577251fa7c2139ab50128bbef85bf3677
models/pc-gnn/amazon/evidence/raw/tuning/results/unified/amazon/pcgnn/tuning_tr40/rho_0p2/20260909T112524687690Z_amazon_PCGNN_unified_tuning_amazon_tr40_rho0p2_seed72_seed72/split_indices.npz,22853,2aa40cd079e0d7fea5154229f32992716a737be0b361edf11ff3746cbfc3b509
models/pc-gnn/amazon/evidence/raw/tuning/results/unified/amazon/pcgnn/tuning_tr40/rho_0p2/20260909T112524687690Z_amazon_PCGNN_unified_tuning_amazon_tr40_rho0p2_seed72_seed72/split_summary.json,408,0d634274ed34f44a17cd83b75a3c20de42d77a56731cc93f07e36d1346927918
models/pc-gnn/amazon/evidence/raw/tuning/results/unified/amazon/pcgnn/tuning_tr40/rho_0p2/20260909T112524687690Z_amazon_PCGNN_unified_tuning_amazon_tr40_rho0p2_seed72_seed72/summary.json,3505,50713133ff7cc38c04e41602d0a7a983524318f94c43aeb33540b05a06c47792
models/pc-gnn/amazon/evidence/raw/tuning/results/unified/amazon/pcgnn/tuning_tr40/rho_0p2/20260909T112524687690Z_amazon_PCGNN_unified_tuning_amazon_tr40_rho0p2_seed72_seed72/test_metrics.csv,320,4f916712a51dbf90e310a3607dcdbbf212f2062d80017737fb43431738f62c56
models/pc-gnn/amazon/evidence/raw/tuning/results/unified/amazon/pcgnn/tuning_tr40/rho_0p4/20260909T112753149393Z_amazon_PCGNN_unified_tuning_amazon_tr40_rho0p4_seed72_seed72/epoch_times.csv,8103,47e99b1f7639cce76127d17c7695519512c545af067f798a596da772edb2b581
models/pc-gnn/amazon/evidence/raw/tuning/results/unified/amazon/pcgnn/tuning_tr40/rho_0p4/20260909T112753149393Z_amazon_PCGNN_unified_tuning_amazon_tr40_rho0p4_seed72_seed72/run_config.json,970,a39b9484309e2cf9e10aec49ce6d2cac294831ce695fc5771e6a618e7329346f
models/pc-gnn/amazon/evidence/raw/tuning/results/unified/amazon/pcgnn/tuning_tr40/rho_0p4/20260909T112753149393Z_amazon_PCGNN_unified_tuning_amazon_tr40_rho0p4_seed72_seed72/split_indices.npz,22853,2aa40cd079e0d7fea5154229f32992716a737be0b361edf11ff3746cbfc3b509
models/pc-gnn/amazon/evidence/raw/tuning/results/unified/amazon/pcgnn/tuning_tr40/rho_0p4/20260909T112753149393Z_amazon_PCGNN_unified_tuning_amazon_tr40_rho0p4_seed72_seed72/split_summary.json,408,0d634274ed34f44a17cd83b75a3c20de42d77a56731cc93f07e36d1346927918
models/pc-gnn/amazon/evidence/raw/tuning/results/unified/amazon/pcgnn/tuning_tr40/rho_0p4/20260909T112753149393Z_amazon_PCGNN_unified_tuning_amazon_tr40_rho0p4_seed72_seed72/summary.json,3507,718ca87dd65eb7d82aeddb7114bfbc5bad7654f88673a9cf2221ae8f23988720
models/pc-gnn/amazon/evidence/raw/tuning/results/unified/amazon/pcgnn/tuning_tr40/rho_0p4/20260909T112753149393Z_amazon_PCGNN_unified_tuning_amazon_tr40_rho0p4_seed72_seed72/test_metrics.csv,320,9c11dba784a30fc7b4e4dbef7efe133ae3b84d4f64a5bc67e10a6b3c96bc9f15
models/pc-gnn/amazon/evidence/raw/tuning/results/unified/amazon/pcgnn/tuning_tr40/rho_0p5/20260909T113022872149Z_amazon_PCGNN_unified_tuning_amazon_tr40_rho0p5_seed72_seed72/epoch_times.csv,8076,ce0924ed114ded07fe0b968195342024307bacf317287311e4397259d794dda8
models/pc-gnn/amazon/evidence/raw/tuning/results/unified/amazon/pcgnn/tuning_tr40/rho_0p5/20260909T113022872149Z_amazon_PCGNN_unified_tuning_amazon_tr40_rho0p5_seed72_seed72/run_config.json,970,3839678a24fcc3361e8f60d0419b1966cd5968ce6516e6b60da709d1f94bc3b1
models/pc-gnn/amazon/evidence/raw/tuning/results/unified/amazon/pcgnn/tuning_tr40/rho_0p5/20260909T113022872149Z_amazon_PCGNN_unified_tuning_amazon_tr40_rho0p5_seed72_seed72/split_indices.npz,22853,2aa40cd079e0d7fea5154229f32992716a737be0b361edf11ff3746cbfc3b509
models/pc-gnn/amazon/evidence/raw/tuning/results/unified/amazon/pcgnn/tuning_tr40/rho_0p5/20260909T113022872149Z_amazon_PCGNN_unified_tuning_amazon_tr40_rho0p5_seed72_seed72/split_summary.json,408,0d634274ed34f44a17cd83b75a3c20de42d77a56731cc93f07e36d1346927918
models/pc-gnn/amazon/evidence/raw/tuning/results/unified/amazon/pcgnn/tuning_tr40/rho_0p5/20260909T113022872149Z_amazon_PCGNN_unified_tuning_amazon_tr40_rho0p5_seed72_seed72/summary.json,3507,48d04002d35268f8e77e86de63700b285fcbf170bd1fbeb3ef949fb5336a276c
models/pc-gnn/amazon/evidence/raw/tuning/results/unified/amazon/pcgnn/tuning_tr40/rho_0p5/20260909T113022872149Z_amazon_PCGNN_unified_tuning_amazon_tr40_rho0p5_seed72_seed72/test_metrics.csv,319,73664f601b5d8c52e8cf97cb4c96688e88c943e43145dc33c9234555ca27ba01
models/pc-gnn/amazon/evidence/raw/tuning/results/unified/amazon/pcgnn/tuning_tr40/rho_0p6/20260909T113308364165Z_amazon_PCGNN_unified_tuning_amazon_tr40_rho0p6_seed72_seed72/epoch_times.csv,8079,c3f42486949d2529b36052a8a6998693565fb1f8d48a97204d8527cf14924451
models/pc-gnn/amazon/evidence/raw/tuning/results/unified/amazon/pcgnn/tuning_tr40/rho_0p6/20260909T113308364165Z_amazon_PCGNN_unified_tuning_amazon_tr40_rho0p6_seed72_seed72/run_config.json,970,17bc5dce546d65df92f79c9529638e92e872b9245077d0e72debdd72ecda0536
models/pc-gnn/amazon/evidence/raw/tuning/results/unified/amazon/pcgnn/tuning_tr40/rho_0p6/20260909T113308364165Z_amazon_PCGNN_unified_tuning_amazon_tr40_rho0p6_seed72_seed72/split_indices.npz,22853,2aa40cd079e0d7fea5154229f32992716a737be0b361edf11ff3746cbfc3b509
models/pc-gnn/amazon/evidence/raw/tuning/results/unified/amazon/pcgnn/tuning_tr40/rho_0p6/20260909T113308364165Z_amazon_PCGNN_unified_tuning_amazon_tr40_rho0p6_seed72_seed72/split_summary.json,408,0d634274ed34f44a17cd83b75a3c20de42d77a56731cc93f07e36d1346927918
models/pc-gnn/amazon/evidence/raw/tuning/results/unified/amazon/pcgnn/tuning_tr40/rho_0p6/20260909T113308364165Z_amazon_PCGNN_unified_tuning_amazon_tr40_rho0p6_seed72_seed72/summary.json,3509,339bfef4dfad664f8f3d5852a111e38b8667527bfcb6571e25868a4ed0bceb96
models/pc-gnn/amazon/evidence/raw/tuning/results/unified/amazon/pcgnn/tuning_tr40/rho_0p6/20260909T113308364165Z_amazon_PCGNN_unified_tuning_amazon_tr40_rho0p6_seed72_seed72/test_metrics.csv,320,5c42308857fbe8cb3d63ca69000de3a4cbebbac962a85cd02cedaad46ede872d
models/pc-gnn/amazon/evidence/raw/tuning/results/unified/amazon/pcgnn/tuning_tr40/rho_0p8/20260909T113548696484Z_amazon_PCGNN_unified_tuning_amazon_tr40_rho0p8_seed72_seed72/epoch_times.csv,8114,edb0663959d82d2ada5922545f431f5d66d1daf5da30a9116caabbf53b6852c4
models/pc-gnn/amazon/evidence/raw/tuning/results/unified/amazon/pcgnn/tuning_tr40/rho_0p8/20260909T113548696484Z_amazon_PCGNN_unified_tuning_amazon_tr40_rho0p8_seed72_seed72/run_config.json,970,0a381db491a16600513dee8c3e5bfbcb73ee706ec5d330ba67f36bf9359d1ca1
models/pc-gnn/amazon/evidence/raw/tuning/results/unified/amazon/pcgnn/tuning_tr40/rho_0p8/20260909T113548696484Z_amazon_PCGNN_unified_tuning_amazon_tr40_rho0p8_seed72_seed72/split_indices.npz,22853,2aa40cd079e0d7fea5154229f32992716a737be0b361edf11ff3746cbfc3b509
models/pc-gnn/amazon/evidence/raw/tuning/results/unified/amazon/pcgnn/tuning_tr40/rho_0p8/20260909T113548696484Z_amazon_PCGNN_unified_tuning_amazon_tr40_rho0p8_seed72_seed72/split_summary.json,408,0d634274ed34f44a17cd83b75a3c20de42d77a56731cc93f07e36d1346927918
models/pc-gnn/amazon/evidence/raw/tuning/results/unified/amazon/pcgnn/tuning_tr40/rho_0p8/20260909T113548696484Z_amazon_PCGNN_unified_tuning_amazon_tr40_rho0p8_seed72_seed72/summary.json,3504,612685ac7d20a9c67c96df60e59593e6467ef62cc0096ed44f96f7e227e57084
models/pc-gnn/amazon/evidence/raw/tuning/results/unified/amazon/pcgnn/tuning_tr40/rho_0p8/20260909T113548696484Z_amazon_PCGNN_unified_tuning_amazon_tr40_rho0p8_seed72_seed72/test_metrics.csv,318,f7dd79cb81f1a552bb75cc4cc1ffd3c03158f3a4935249543c3052c57c4b0d3c
models/pc-gnn/amazon/evidence/raw/tuning/results/unified/amazon/pcgnn/tuning_tr40/tuning_batch_status.json,183,757a98863a51cda1cb996b90a89ce6635fe34ea0b5ec8b9eb70f4ac5ec14a857
models/pc-gnn/amazon/evidence/raw/tuning/results/unified/amazon/pcgnn/tuning_tr40/tuning_manifest.json,419,5e2769f3a66de5a84ceeb1cfb95c5b6528cc550b1b4146400326c391f27f40e6
models/pc-gnn/amazon/notebooks/pcgnn_amazon_kaggle.ipynb,241787,2145506950354d162896580cb9c521a92b38a8d52efb96ba9449cb8018424c5a
models/pc-gnn/amazon/results/aggregate/pcgnn_amazon_epoch_time_by_ratio.png,33133,18152f93a920e937fe71a0454d6cf1d61d1c6c957efbb9cb6a45066e7d1abd53
models/pc-gnn/amazon/results/aggregate/pcgnn_amazon_mean_sd.csv,4870,b6369d1a7a70dc984f7c24c170f97af084b0359c406261b8b4d2645f8520eae1
models/pc-gnn/amazon/results/aggregate/pcgnn_amazon_paired_deltas_vs_tr40.csv,2251,e87c3476aeeb004f82e753a14d93317f6aca7001b54d24c68114175cba134501
models/pc-gnn/amazon/results/aggregate/pcgnn_amazon_performance_by_ratio.png,79886,30c2182c548f96def74b3550dc8efb93f25e360306f228989511ae7e84c01b92
models/pc-gnn/amazon/results/aggregate/pcgnn_amazon_seed_level_results.csv,8106,4ea9c158f6bf16d6bba35dfecfa843b12b9eaf373e03445b97fc62d84542c34f
models/pc-gnn/amazon/results/aggregate/pcgnn_amazon_verification_report.json,1622,a803ec0684383c5dc134565b6746fef0c005a25245caab4c7a18008d5b65d147
shared/splits/amazon/amazon_TR10_seed2.npz,20325,2c201c6693e68a7ea6d5354994f24ef79bb86754bb14714937297dfe5a8e7d02
shared/splits/amazon/amazon_TR20_seed2.npz,21217,0ad523aedad3aec753c93dcb5cbd91fa7ba268bdea63429812540339b18513f8
shared/splits/amazon/amazon_TR30_seed2.npz,22098,8ee42bfb056013bf5e127a930eda3aa31b2a9eea5f0c2565ae6e9441128c9590
shared/splits/amazon/amazon_TR40_seed2.npz,22853,2aa40cd079e0d7fea5154229f32992716a737be0b361edf11ff3746cbfc3b509
shared/splits/amazon/amazon_nested_split_manifest_seed2.json,2437,bc46bcffbdc242233ec6799ab9486bfcf2c3fb0b420a94d50b3b5f334315f480
