model,dataset,ratio,status,n_seeds,metric,mean,sd
CARE-GNN,YelpChi,TR40,COMPLETED,3,AUROC,0.837354,0.007710
CARE-GNN,YelpChi,TR40,COMPLETED,3,AUPRC,0.510391,0.012689
CARE-GNN,YelpChi,TR40,COMPLETED,3,Macro-F1,0.702591,0.004622
CARE-GNN,YelpChi,TR40,COMPLETED,3,Fraud F1,0.488803,0.009392
CARE-GNN,YelpChi,TR40,COMPLETED,3,Fraud precision,0.506581,0.016235
CARE-GNN,YelpChi,TR40,COMPLETED,3,Fraud recall,0.473106,0.023638
CARE-GNN,YelpChi,TR40,COMPLETED,3,G-mean,0.660069,0.014051
CARE-GNN,YelpChi,TR40,COMPLETED,3,Accuracy,0.856291,0.004167
CARE-GNN,Amazon,TR40,COMPLETED,3,AUROC,0.895087,0.101593
CARE-GNN,Amazon,TR40,COMPLETED,3,AUPRC,0.715206,0.231972
CARE-GNN,Amazon,TR40,COMPLETED,3,Macro-F1,0.833526,0.125453
CARE-GNN,Amazon,TR40,COMPLETED,3,Fraud F1,0.691133,0.238369
CARE-GNN,Amazon,TR40,COMPLETED,3,Fraud precision,0.889322,0.008477
CARE-GNN,Amazon,TR40,COMPLETED,3,Fraud recall,0.609929,0.293944
CARE-GNN,Amazon,TR40,COMPLETED,3,G-mean,0.758578,0.207239
CARE-GNN,Amazon,TR40,COMPLETED,3,Accuracy,0.955440,0.024056
CARE-GNN,T-Finance,TR40,COMPLETED,3,AUROC,0.879376,0.043568
CARE-GNN,T-Finance,TR40,COMPLETED,3,AUPRC,0.711956,0.040259
CARE-GNN,T-Finance,TR40,COMPLETED,3,Macro-F1,0.778551,0.086583
CARE-GNN,T-Finance,TR40,COMPLETED,3,Fraud F1,0.571214,0.169658
CARE-GNN,T-Finance,TR40,COMPLETED,3,Fraud precision,0.967091,0.026736
CARE-GNN,T-Finance,TR40,COMPLETED,3,Fraud recall,0.421174,0.166461
CARE-GNN,T-Finance,TR40,COMPLETED,3,G-mean,0.638882,0.137291
CARE-GNN,T-Finance,TR40,COMPLETED,3,Accuracy,0.972688,0.006916
CARE-GNN,T-Social,TR40,FAILED,0,AUROC,,
CARE-GNN,T-Social,TR40,FAILED,0,AUPRC,,
CARE-GNN,T-Social,TR40,FAILED,0,Macro-F1,,
CARE-GNN,T-Social,TR40,FAILED,0,Fraud F1,,
CARE-GNN,T-Social,TR40,FAILED,0,Fraud precision,,
CARE-GNN,T-Social,TR40,FAILED,0,Fraud recall,,
CARE-GNN,T-Social,TR40,FAILED,0,G-mean,,
CARE-GNN,T-Social,TR40,FAILED,0,Accuracy,,
CARE-GNN,Elliptic,TR40,COMPLETED,3,AUROC,0.881093,0.007762
CARE-GNN,Elliptic,TR40,COMPLETED,3,AUPRC,0.483873,0.026892
CARE-GNN,Elliptic,TR40,COMPLETED,3,Macro-F1,0.749147,0.043283
CARE-GNN,Elliptic,TR40,COMPLETED,3,Fraud F1,0.548230,0.069025
CARE-GNN,Elliptic,TR40,COMPLETED,3,Fraud precision,0.465392,0.114670
CARE-GNN,Elliptic,TR40,COMPLETED,3,Fraud recall,0.691602,0.039172
CARE-GNN,Elliptic,TR40,COMPLETED,3,G-mean,0.800652,0.007734
CARE-GNN,Elliptic,TR40,COMPLETED,3,Accuracy,0.910282,0.029871
CARE-GNN,FDCompCN,TR40,COMPLETED,3,AUROC,0.552658,0.024481
CARE-GNN,FDCompCN,TR40,COMPLETED,3,AUPRC,0.133971,0.013112
CARE-GNN,FDCompCN,TR40,COMPLETED,3,Macro-F1,0.517119,0.007991
CARE-GNN,FDCompCN,TR40,COMPLETED,3,Fraud F1,0.136835,0.014730
CARE-GNN,FDCompCN,TR40,COMPLETED,3,Fraud precision,0.136323,0.016734
CARE-GNN,FDCompCN,TR40,COMPLETED,3,Fraud recall,0.139013,0.023729
CARE-GNN,FDCompCN,TR40,COMPLETED,3,G-mean,0.351930,0.026601
CARE-GNN,FDCompCN,TR40,COMPLETED,3,Accuracy,0.816729,0.016060
GHRN,YelpChi,TR40,COMPLETED,3,AUROC,0.838449,0.007516
GHRN,YelpChi,TR40,COMPLETED,3,AUPRC,0.524777,0.012327
GHRN,YelpChi,TR40,COMPLETED,3,Macro-F1,0.711914,0.007952
GHRN,YelpChi,TR40,COMPLETED,3,Fraud F1,0.504558,0.017762
GHRN,YelpChi,TR40,COMPLETED,3,Fraud precision,0.524902,0.012264
GHRN,YelpChi,TR40,COMPLETED,3,Fraud recall,0.487583,0.043289
GHRN,YelpChi,TR40,COMPLETED,3,G-mean,0.670931,0.025756
GHRN,YelpChi,TR40,COMPLETED,3,Accuracy,0.861205,0.002663
GHRN,Amazon,TR40,COMPLETED,3,AUROC,0.970686,0.010742
GHRN,Amazon,TR40,COMPLETED,3,AUPRC,0.875569,0.023505
GHRN,Amazon,TR40,COMPLETED,3,Macro-F1,0.922946,0.005450
GHRN,Amazon,TR40,COMPLETED,3,Fraud F1,0.859780,0.009829
GHRN,Amazon,TR40,COMPLETED,3,Fraud precision,0.911955,0.022851
GHRN,Amazon,TR40,COMPLETED,3,Fraud recall,0.813576,0.013706
GHRN,Amazon,TR40,COMPLETED,3,G-mean,0.898203,0.007141
GHRN,Amazon,TR40,COMPLETED,3,Accuracy,0.974730,0.001970
GHRN,T-Finance,TR40,COMPLETED,3,AUROC,0.910132,0.066580
GHRN,T-Finance,TR40,COMPLETED,3,AUPRC,0.676362,0.205982
GHRN,T-Finance,TR40,COMPLETED,3,Macro-F1,0.841830,0.053754
GHRN,T-Finance,TR40,COMPLETED,3,Fraud F1,0.697825,0.102531
GHRN,T-Finance,TR40,COMPLETED,3,Fraud precision,0.722831,0.133663
GHRN,T-Finance,TR40,COMPLETED,3,Fraud recall,0.677762,0.092349
GHRN,T-Finance,TR40,COMPLETED,3,G-mean,0.816693,0.058585
GHRN,T-Finance,TR40,COMPLETED,3,Accuracy,0.972942,0.009567
GHRN,T-Social,TR40,NOT_RUN,0,AUROC,,
GHRN,T-Social,TR40,NOT_RUN,0,AUPRC,,
GHRN,T-Social,TR40,NOT_RUN,0,Macro-F1,,
GHRN,T-Social,TR40,NOT_RUN,0,Fraud F1,,
GHRN,T-Social,TR40,NOT_RUN,0,Fraud precision,,
GHRN,T-Social,TR40,NOT_RUN,0,Fraud recall,,
GHRN,T-Social,TR40,NOT_RUN,0,G-mean,,
GHRN,T-Social,TR40,NOT_RUN,0,Accuracy,,
GHRN,Elliptic,TR40,COMPLETED,3,AUROC,0.891074,0.002990
GHRN,Elliptic,TR40,COMPLETED,3,AUPRC,0.497752,0.057353
GHRN,Elliptic,TR40,COMPLETED,3,Macro-F1,0.728441,0.019130
GHRN,Elliptic,TR40,COMPLETED,3,Fraud F1,0.516759,0.028905
GHRN,Elliptic,TR40,COMPLETED,3,Fraud precision,0.397324,0.038117
GHRN,Elliptic,TR40,COMPLETED,3,Fraud recall,0.743590,0.018542
GHRN,Elliptic,TR40,COMPLETED,3,G-mean,0.820585,0.002021
GHRN,Elliptic,TR40,COMPLETED,3,Accuracy,0.893512,0.015473
GHRN,FDCompCN,TR40,COMPLETED,3,AUROC,0.552542,0.003826
GHRN,FDCompCN,TR40,COMPLETED,3,AUPRC,0.120352,0.003154
GHRN,FDCompCN,TR40,COMPLETED,3,Macro-F1,0.502988,0.005953
GHRN,FDCompCN,TR40,COMPLETED,3,Fraud F1,0.096436,0.022240
GHRN,FDCompCN,TR40,COMPLETED,3,Fraud precision,0.124942,0.017897
GHRN,FDCompCN,TR40,COMPLETED,3,Fraud recall,0.086697,0.040690
GHRN,FDCompCN,TR40,COMPLETED,3,G-mean,0.276540,0.059160
GHRN,FDCompCN,TR40,COMPLETED,3,Accuracy,0.836310,0.039444
